{
	"from": "小棉袄，坚决抵制破解盗版",
	"data": [
		{
			"title": "Neets",
			"url": "https://neets.cc/category?state=fyclass&page=fypage&type=fyarea&country=fyyear&year=&week=&order=",
			"year_name": "全部&中国&日本&美国&韩国&香港&台湾&英国&泰国",
			"year_url": "&china&japan&america&korea&hongkong&taiwan&england&thailand",
			"area_name": "全部&电视剧&电影&动漫&综艺",
			"area_url": "&tv&movie&animation&variety",
			"class_name": "全部&连载&完结&未开播",
			"class_url": "&0&1&2",
			"find_rule": ".video_list&&.video_li_box;p&&Text;img&&src;.sub_num&&Text"
		},
		{
			"title": "豆瓣电影",
			"url": "https://movie.douban.com/j/new_search_subjects?sort=U&range=0,10&start=fypage@-1@*20@&tags=%E7%94%B5%E5%BD%B1&genres=fyclass&countries=fyarea&year_range=fyyear",
			"year_name": "全部&2019&2018&2010年代&2000年代&1990年代",
			"year_url": "&2019,2019&2018,2018&2010,2017&2000,2009&1990,1999",
			"area_name": "全部&中国大陆&美国&台湾&香港&韩国&日本&泰国&新加坡&印度&英国&法国&加拿大&西班牙&俄罗斯&爱尔兰",
			"area_url": "&中国大陆&美国&台湾&香港&韩国&日本&泰国&新加坡&印度&英国&法国&加拿大&西班牙&俄罗斯&爱尔兰",
			"class_name": "全部&动作&科幻&爱情&剧情&喜剧&动画&悬疑&惊悚&恐怖&犯罪&同性&音乐&歌舞&传记&历史&战争&西部&奇幻&冒险&灾难&武侠&情色",
			"class_url": "&动作&科幻&爱情&剧情&喜剧&动画&悬疑&惊悚&恐怖&犯罪&同性&音乐&歌舞&传记&历史&战争&西部&奇幻&冒险&灾难&武侠&情色",
			"find_rule": "js: var json={}; eval('json=' + getResCode());var res={};var d=[];for(var i=0;i<json.data.length;i++){var r={};var j=json.data[i];r.title=j.title;r.pic_url=j.cover;r.desc=j.rate;d.push(r);}res.data=d;setHomeResult(res);"
		},
		{
			"title": "豆瓣电视剧",
			"url": "https://movie.douban.com/j/new_search_subjects?sort=U&range=0,10&start=fypage@-1@*20@&tags=电视剧&genres=fyclass&countries=fyarea&year_range=fyyear",
			"year_name": "全部&2019&2018&2010年代&2000年代&1990年代",
			"year_url": "&2019,2019&2018,2018&2010,2017&2000,2009&1990,1999",
			"area_name": "全部&中国大陆&美国&台湾&香港&韩国&日本&泰国&新加坡&印度&英国&法国&加拿大&西班牙&俄罗斯&爱尔兰",
			"area_url": "&中国大陆&美国&台湾&香港&韩国&日本&泰国&新加坡&印度&英国&法国&加拿大&西班牙&俄罗斯&爱尔兰",
			"class_name": "全部&动作&科幻&爱情&剧情&喜剧&动画&悬疑&惊悚&恐怖&犯罪&同性&音乐&歌舞&传记&历史&战争&西部&奇幻&冒险&灾难&武侠&情色",
			"class_url": "&动作&科幻&爱情&剧情&喜剧&动画&悬疑&惊悚&恐怖&犯罪&同性&音乐&歌舞&传记&历史&战争&西部&奇幻&冒险&灾难&武侠&情色",
			"find_rule": "js: var json={}; eval('json=' + getResCode());var res={};var d=[];for(var i=0;i<json.data.length;i++){var r={};var j=json.data[i];r.title=j.title;r.pic_url=j.cover;r.desc=j.rate;d.push(r);}res.data=d;setHomeResult(res);"
		},
		{
			"title": "豆瓣综艺",
			"url": "https://movie.douban.com/j/new_search_subjects?sort=U&range=0,10&start=fypage@-1@*20@&tags=综艺&genres=fyclass&countries=fyarea&year_range=fyyear",
			"year_name": "全部&2019&2018&2010年代&2000年代&1990年代",
			"year_url": "&2019,2019&2018,2018&2010,2017&2000,2009&1990,1999",
			"area_name": "全部&中国大陆&美国&台湾&香港&韩国&日本&泰国&新加坡&印度&英国&法国&加拿大&西班牙&俄罗斯&爱尔兰",
			"area_url": "&中国大陆&美国&台湾&香港&韩国&日本&泰国&新加坡&印度&英国&法国&加拿大&西班牙&俄罗斯&爱尔兰",
			"class_name": "全部&动作&科幻&爱情&剧情&喜剧&动画&悬疑&惊悚&恐怖&犯罪&同性&音乐&歌舞&传记&历史&战争&西部&奇幻&冒险&灾难&武侠&情色",
			"class_url": "&动作&科幻&爱情&剧情&喜剧&动画&悬疑&惊悚&恐怖&犯罪&同性&音乐&歌舞&传记&历史&战争&西部&奇幻&冒险&灾难&武侠&情色",
			"find_rule": "js: var json={}; eval('json=' + getResCode());var res={};var d=[];for(var i=0;i<json.data.length;i++){var r={};var j=json.data[i];r.title=j.title;r.pic_url=j.cover;r.desc=j.rate;d.push(r);}res.data=d;setHomeResult(res);"
		},
		{
			"title": "豆瓣动漫",
			"url": "https://movie.douban.com/j/new_search_subjects?sort=U&range=0,10&start=fypage@-1@*20@&tags=动漫&genres=fyclass&countries=fyarea&year_range=fyyear",
			"year_name": "全部&2019&2018&2010年代&2000年代&1990年代",
			"year_url": "&2019,2019&2018,2018&2010,2017&2000,2009&1990,1999",
			"area_name": "全部&中国大陆&美国&台湾&香港&韩国&日本&泰国&新加坡&印度&英国&法国&加拿大&西班牙&俄罗斯&爱尔兰",
			"area_url": "&中国大陆&美国&台湾&香港&韩国&日本&泰国&新加坡&印度&英国&法国&加拿大&西班牙&俄罗斯&爱尔兰",
			"class_name": "全部&动作&科幻&爱情&剧情&喜剧&动画&悬疑&惊悚&恐怖&犯罪&同性&音乐&歌舞&传记&历史&战争&西部&奇幻&冒险&灾难&武侠&情色",
			"class_url": "&动作&科幻&爱情&剧情&喜剧&动画&悬疑&惊悚&恐怖&犯罪&同性&音乐&歌舞&传记&历史&战争&西部&奇幻&冒险&灾难&武侠&情色",
			"find_rule": "js: var json={}; eval('json=' + getResCode());var res={};var d=[];for(var i=0;i<json.data.length;i++){var r={};var j=json.data[i];r.title=j.title;r.pic_url=j.cover;r.desc=j.rate;d.push(r);}res.data=d;setHomeResult(res);"
		},
		{
			"title": "豆瓣纪录片",
			"url": "https://movie.douban.com/j/new_search_subjects?sort=U&range=0,10&start=fypage@-1@*20@&tags=纪录片&genres=fyclass&countries=fyarea&year_range=fyyear",
			"year_name": "全部&2019&2018&2010年代&2000年代&1990年代",
			"year_url": "&2019,2019&2018,2018&2010,2017&2000,2009&1990,1999",
			"area_name": "全部&中国大陆&美国&台湾&香港&韩国&日本&泰国&新加坡&印度&英国&法国&加拿大&西班牙&俄罗斯&爱尔兰",
			"area_url": "&中国大陆&美国&台湾&香港&韩国&日本&泰国&新加坡&印度&英国&法国&加拿大&西班牙&俄罗斯&爱尔兰",
			"class_name": "全部&动作&科幻&爱情&剧情&喜剧&动画&悬疑&惊悚&恐怖&犯罪&同性&音乐&歌舞&传记&历史&战争&西部&奇幻&冒险&灾难&武侠&情色",
			"class_url": "&动作&科幻&爱情&剧情&喜剧&动画&悬疑&惊悚&恐怖&犯罪&同性&音乐&歌舞&传记&历史&战争&西部&奇幻&冒险&灾难&武侠&情色",
			"find_rule": "js: var json={}; eval('json=' + getResCode());var res={};var d=[];for(var i=0;i<json.data.length;i++){var r={};var j=json.data[i];r.title=j.title;r.pic_url=j.cover;r.desc=j.rate;d.push(r);}res.data=d;setHomeResult(res);"
		},
		{
			"title": "V电影☕️",
			"url": "https://www.vmovier.com/fyyear#rotate-nav",
			"year_name": "最新推荐&热门排行&星级精选&随便看看",
			"year_url": "new&hot&stars&rand",
			"area_name": "",
			"area_url": "",
			"class_name": "",
			"class_url": "",
			"col_type": "movie_1",
			"find_rule": "body&&#post-list&&li;a&&title;img&&src;.index-intro&&Text;a&&href.js:'https://h5.vmovier.com/index.html?id='+input.spilt('?from')[0].replace('/','')"
		},
		{
			"title": "RSS聚合☕️",
			"url": "https://feedx.co/read?r=fyAll",
			"year_name": "开眼视频&知乎日报&知道日报&观止&轻松一刻&虎嗅&豆瓣口碑榜&果壳科学",
			"year_url": "kaiyan&zhihudaily&zhidaodaily&guanzhi&163easy&huxiu&doubanmvweek&guokrscientific",
			"area_name": "",
			"area_url": "",
			"class_name": "",
			"class_url": "",
			"col_type": "movie_1",
			"find_rule": "body&&#reader&&dl;a&&Text;i&&data-src;a&&Text;a&&href"
		},
		{
			"title": "今日热榜☕️",
			"url": "https://tophub.today/fyyear?p=fypage",
			"year_name": "综合&科技&娱乐&购物&社区",
			"year_url": "c/news&c/tech&c/ent&c/shopping&c/community",
			"area_name": "",
			"area_url": "",
			"class_name": "",
			"class_url": "",
			"col_type": "movie_2",
			"find_rule": ".bc-cc&&.cc-cd;a&&Text;img&&src;span&&Text;a&&href"
		},
		{
			"title": "今天看啥☕️",
			"url": "http://www.jintiankansha.me/fyAll?page=fypage",
			"year_name": "美图&视频&情感&时尚&美食&旅游&体育&汽车&基础科学&国家&国际&教育&职场&养生&游戏&传统&法律&地区",
			"year_url": "welcome/YeBy1NZAq3&welcome/FWLhK6FkEN&welcome/tYzi5N5Q4Z&welcome/aiw86vIyjz&welcome/pdD17aQCIC&welcome/jUHox18RZC&welcome/DNTwBQnZ1M&welcome/9tEwFc87tT&welcome/h1lmMjGBqK&welcome/XA158HKGRN&welcome/6zxKWd0KkJ&welcome/RlzuPJYgwd&welcome/j2pRZ4Q3uD&welcome/rR8PzdOV1l&welcome/Z2mrmplk36&welcome/8dEMwI6XLp&welcome/YSbOvglhLG&welcome/NoXIvweg1e",
			"area_name": "科技数码&社会&自媒体&互联网&互联网技术&财经&娱乐&电商&文学",
			"area_url": "welcome/f4jXMxkTWp&welcome/QsolrdQWC1&welcome/w2y6jDXTLK&welcome/9McebY8EKz&welcome/VYNZaH1U70&welcome/Hz4ekjQhd0&welcome/igY00DX6Ap&welcome/qT8sCnAsV1&welcome/1YjG0NDqiL",
			"class_name": "最新&电脑爱好者&电脑报&奔跑中的奶酪&笔吧评测室",
			"class_url": "&column/DvCzquuBTU&column/TYykdYJswV&column/nKByNDPBFd&column/oVKc4mvecX",
			"col_type": "movie_1",
			"find_rule": ".entries&&.cell;a&&Text;img&&src;.fade&&Text;a&&href"
		},
		{
			"title": "知乎☕️",
			"url": "https://www.zhihu.com/api/v4//mweb-feed/content/list?category=fyyear&reload=false&utm_source=&count=30",
			"year_name": "推荐&生活&科技&娱乐&教育",
			"year_url": "tuijian&shenghuo&keji&yule&jiaoyu",
			"area_name": "",
			"area_url": "",
			"class_name": "",
			"class_url": "",
			"col_type": "movie_1",
			"find_rule": "js: var json={}; eval('json=' + getResCode());var res={};var d=[];for(var i=0;i<json.data.length;i++){var r={};var j=json.data[i];r.title=j.title;if(j.has_image){r.pic_url='http:'+j.image_field.url}else{r.pic_url='*'}r.desc=j.summary;r.url='http:'+j.target_url;if(r.title !== null && r.title !== undefined && r.title!== '')d.push(r);}res.data=d;setHomeResult(res);"
		},
		{
			"title": "少数派☕️",
			"url": "https://www.sspai.com/feed",
			"class_name": "",
			"class_url": "",
			"area_name": "",
			"area_url": "",
			"year_name": "",
			"year_url": "",
			"col_type": "pic_1",
			"find_rule": "js: var rss = new XML('<rss' + getResCode().split('<rss')[1]);var res={};var d=[];var items = rss.child(0).children();for (var i in items) {if((items[i]+'').indexOf('<item')==0){var r={};  var j=items[i];  r.title=j.child(0)+''; var p = (j.child(2)+'').match(/<img src=\"(.*)\"/);if(p!=null){r.pic_url=p[1].split('\"')[0]}else{r.pic_url='*'};r.desc = j.child(4);r.url=j.child(1);d.push(r);}}res.data=d;setHomeResult(res);"
		},
		{
			"title": "意林📖",
			"url": "http://m.rensheng5.com/zx/onyilin/;get;gb2312",
			"class_name": "",
			"class_url": "",
			"area_name": "",
			"area_url": "",
			"year_name": "",
			"year_url": "",
			"col_type": "text_1",
			"find_rule": "body&&li;a&&Text;*;a&&Text;a&&href"
	    },
		{
			"title": "夏沫电影",
			"url": "http://www.7bszs.com/index.php/vod/show/fyarea/id/fyclass/page/fypagefyyear.html",
			"year_name": "全部&2018&2017&2016&2015&2014&2013&2012&2011&2010",
			"year_url": "&/year/2018&/year/2017&/year/2016&/year/2015&/year/2014&/year/2013&/year/2012&/year/2011&/year/2010",
			"area_name": "全部&大陆&台湾&香港&美国&法国&英国&日本&韩国&德国&泰国&印度&意大利&西班牙&加拿大&其它",
			"area_url": "&/area/大陆&/area/台湾&/area/香港&/area/美国&/area/法国&/area/英国&/area/日本&/area/韩国&/area/德国&/area/泰国&/area/印度&/area/意大利&/area/西班牙&/area/加拿大&其它",
			"class_name": "全部&动作片&喜剧片&爱情片&科幻片&恐怖片&剧情片&战争片&微电影",
			"class_url": "1&6&7&8&9&10&11&12&25",
			"find_rule": "body&&.fed-list-item;.fed-list-title&&Text;.fed-list-pics&&data-original;.fed-list-remarks&&Text;a&&href",
			"chapter_find": ".fed-list-pics&&data-original;.fed-conv-text&&Text;.fed-conv-deta&&.fed-tabs-btm@li;a&&Text;a&&href;.fed-conv-deta&&.fed-tabs-btn@Text",
			"movie_find": ""
		},
		{
			"title": "夏沫电视剧",
			"url": "http://www.7bszs.com/index.php/vod/show/fyarea/id/fyclass/page/fypagefyyear.html",
			"year_name": "全部&2018&2017&2016&2015&2014&2013&2012&2011&2010",
			"year_url": "&/year/2018&/year/2017&/year/2016&/year/2015&/year/2014&/year/2013&/year/2012&/year/2011&/year/2010",
			"area_name": "全部&大陆&台湾&香港&美国&法国&英国&日本&韩国&德国&泰国&印度&意大利&西班牙&加拿大&其它",
			"area_url": "&/area/大陆&/area/台湾&/area/香港&/area/美国&/area/法国&/area/英国&/area/日本&/area/韩国&/area/德国&/area/泰国&/area/印度&/area/意大利&/area/西班牙&/area/加拿大&其它",
			"class_name": "全部&国产剧&港台剧&日韩剧&欧美剧",
			"class_url": "2&13&14&15&16",
			"find_rule": "body&&.fed-list-item;.fed-list-title&&Text;.fed-list-pics&&data-original;.fed-list-remarks&&Text;a&&href",
			"chapter_find": ".fed-list-pics&&data-original;.fed-conv-text&&Text;.fed-conv-deta&&.fed-tabs-btm@li;a&&Text;a&&href;.fed-conv-deta&&.fed-tabs-btn@Text",
			"movie_find": ""
		},
		{
			"title": "TV6电影",
			"url": "http://www.tv6.com/index.php/vod/showfyarea/id/1fyclass/page/fypagefyyear.html",
			"year_name": "全部&2019&2018&2017&2016&2015&2014&2013&2012&2011&2010",
			"year_url": "&/year/2019&/year/2018&/year/2017&/year/2016&/year/2015&/year/2014&/year/2013&/year/2012&/year/2011&/year/2010",
			"area_name": "全部&大陆&台湾&香港&美国&法国&英国&日本&韩国&德国&泰国&印度&意大利&西班牙&加拿大&其它",
			"area_url": "&/area/大陆&/area/台湾&/area/香港&/area/美国&/area/法国&/area/英国&/area/日本&/area/韩国&/area/德国&/area/泰国&/area/印度&/area/意大利&/area/西班牙&/area/加拿大&其它",
			"class_name": "全部&动作&喜剧&爱情&科幻&恐怖&剧情&战争&犯罪&动画&奇幻&冒险&悬疑&恐怖&惊悚&青春&文艺&古装&历史&农村",
			"class_url": "&/class/动作&/class/喜剧&/class/爱情&/class/科幻&/class/恐怖&/class/剧情&/class/战争&/class/犯罪&/class/动画&/class/奇幻&/class/冒险&/class/悬疑&/class/恐怖&/class/惊悚&/class/青春&/class/文艺&/class/古装&/class/历史&/class/农村",
			"find_rule": ".tv6-vodlist&&li;h4&&Text;a&&style.js:input.match(/url\\((.*)\\)/)[1];.pic-text&&Text;a&&href",
			"chapter_find": ".tv6-content__thumb&&img&&data-original;.tv6-content__detail&&Text;body&&.tv6-content__playlist@li;a&&Text;a&&AttrNohref;body&&h3@Text",
			"movie_find": ""
		},
		{
			"title": "TV6电视剧",
			"url": "http://www.tv6.com/index.php/vod/showfyarea/id/2fyclass/page/fypagefyyear.html",
			"year_name": "全部&2019&2018&2017&2016&2015&2014&2013&2012&2011&2010",
			"year_url": "&/year/2019&/year/2018&/year/2017&/year/2016&/year/2015&/year/2014&/year/2013&/year/2012&/year/2011&/year/2010",
			"area_name": "全部&内地&美国&英国&日本&韩国&泰国&台湾&香港",
			"area_url": "&/area/内地&/area/美国&/area/英国&/area/日本&/area/韩国&/area/泰国&/area/台湾&/area/香港",
			"class_name": "全部&国产&欧美&古装&偶像&战争&喜剧&战争&犯罪&神话&家庭&剧情&历史&商战&网剧&乡村",
			"class_url": "&/class/国产&/class/欧美&/class/古装&/class/偶像&/class/战争&/class/喜剧&/class/战争&/class/犯罪&/class/神话&/class/家庭&/class/剧情&/class/历史&/class/商战&/class/网剧&/class/乡村",
			"find_rule": ".tv6-vodlist&&li;h4&&Text;a&&style.js:input.match(/url\\((.*)\\)/)[1];.pic-text&&Text;a&&href",
			"chapter_find": ".tv6-content__thumb&&img&&data-original;.tv6-content__detail&&Text;body&&.tv6-content__playlist@li;a&&Text;a&&AttrNohref;body&&h3@Text",
			"movie_find": ""
		},
		{
			"title": "TV6综艺",
			"url": "http://www.tv6.com/index.php/vod/showfyarea/id/3fyclass/page/fypagefyyear.html",
			"year_name": "全部&2019&2018&2017&2016&2015&2014&2013&2012&2011&2010",
			"year_url": "&/year/2019&/year/2018&/year/2017&/year/2016&/year/2015&/year/2014&/year/2013&/year/2012&/year/2011&/year/2010",
			"area_name": "全部&内地&港台&日韩&欧美",
			"area_url": "&/area/内地&/area/港台&/area/日韩&/area/欧美",
			"class_name": "全部&真人秀&选秀&情感&访谈&播报&旅游&音乐&美食&纪实&曲艺&生活&游戏互动&财经&求职",
			"class_url": "&/class/真人秀&/class/选秀&/class/情感&/class/访谈&/class/播报&/class/旅游&/class/音乐&/class/美食&/class/纪实&/class/曲艺&/class/生活&/class/游戏互动&/class/财经&/class/求职",
			"find_rule": ".tv6-vodlist&&li;h4&&Text;a&&style.js:input.match(/url\\((.*)\\)/)[1];.pic-text&&Text;a&&href",
			"chapter_find": ".tv6-content__thumb&&img&&data-original;.tv6-content__detail&&Text;body&&.tv6-content__playlist@li;a&&Text;a&&AttrNohref;body&&h3@Text",
			"movie_find": ""
		},
		{
			"title": "锋哥电影",
			"url": "http://www.tv6699.com/vodshow/fyclass-fyarea-------fypage---fyyear/",
			"year_name": "全部&2019&2018&2017&2016&2015&2014&2013&2012&2011&2010",
			"year_url": "&2019&2018&2017&2016&2015&2014&2013&2012&2011&2010",
			"area_name": "全部&大陆&台湾&香港&美国&法国&英国&日本&韩国&德国&泰国&印度&意大利&西班牙&加拿大&其它",
			"area_url": "&大陆&台湾&香港&美国&法国&英国&日本&韩国&德国&泰国&印度&意大利&西班牙&加拿大&其它",
			"class_name": "全部&喜剧&动作&科幻&恐怖&爱情&战争&剧情&记录&微电影",
            "class_url": "dianying&xijupian&dongzuopian&kehuanpian&kongbupian&aiqingpian&zhanzhengpian&juqingpian&jilupian&weidianying",
            "find_rule": "body&&.fed-list-item;.fed-list-title&&Text;.fed-list-pics&&data-original;.fed-list-remarks&&Text;a&&href",
			"chapter_find": ".fed-lazy&&data-original;.fed-conv-text &&Text;.fed-tabs-foot,1&&ul@li;a&&Text;a&&href;.fed-tabs-foot&&li@Text",
			"movie_find": "#fed-play-iframe&&data-play"
		},   
        {
            "title": "锋哥连续剧",
            "url": "http://www.tv6699.com/vodshow/fyclass-fyarea-------fypage---fyyear/",
			"year_name": "全部&2019&2018&2017&2016&2015&2014&2013&2012&2011&2010",
			"year_url": "&2019&2018&2017&2016&2015&2014&2013&2012&2011&2010",
			"area_name": "全部&内地&台湾&香港&美国&法国&英国&日本&韩国&德国&泰国&印度&意大利&西班牙&加拿大&其它",
			"area_url": "&内地&台湾&香港&美国&法国&英国&日本&韩国&德国&泰国&印度&意大利&西班牙&加拿大&其它",
			"class_name": "全部&国产剧&港台剧&欧美剧&日韩剧",
            "class_url": "lianxuju&guochanju&gangtaiju&oumeiju&rihanju",
            "find_rule": "body&&.fed-list-item;.fed-list-title&&Text;.fed-list-pics&&data-original;.fed-list-remarks&&Text;a&&href",
			"chapter_find": ".fed-lazy&&data-original;.fed-conv-text &&Text;.fed-tabs-foot,1&&ul@li;a&&Text;a&&href;.fed-tabs-foot&&li@Text",
			"movie_find": "#fed-play-iframe&&data-play"
        },   
        {
            "title": "锋哥动漫",
            "url": "http://www.tv6699.com/vodshow/dongman-fyarea-------fypage---fyyear/",
			"year_name": "全部&2019&2018&2017&2016&2015&2014&2013&2012&2011&2010",
			"year_url": "&2019&2018&2017&2016&2015&2014&2013&2012&2011&2010",
			"area_name": "全部&国产&日本&欧美",
			"area_url": "&国产&日本&欧美",
			"class_name": "",
            "class_url": "",
            "find_rule": "body&&.fed-list-item;.fed-list-title&&Text;.fed-list-pics&&data-original;.fed-list-remarks&&Text;a&&href",
			"chapter_find": ".fed-lazy&&data-original;.fed-conv-text &&Text;.fed-tabs-foot,1&&ul@li;a&&Text;a&&href;.fed-tabs-foot&&li@Text",
			"movie_find": "#fed-play-iframe&&data-play"
        },      
		{
            "title": "机器猫电影",
            "url": "http://www.jqmdy.com/vod-type-id-fyclass-wd--letter--year-fyyear-area-fyarea-order--p-fypage.html",
            "year_name": "全部&2018&2017&2016&2015&2014&2013&2012&2011&2010&2009&2008&2007&2006&2005",
            "year_url": "&2018&2017&2016&2015&2014&2013&2012&2011&2010&2009&2008&2007&2006&2005",
            "area_name": "全部&大陆&香港&台湾&美国&韩国&日本&泰国&新加坡&马来西亚&印度&英国&法国&加拿大&西班牙&俄罗斯&其它",
            "area_url": "&中国大陆&香港&台湾&美国&韩国&日本&泰国&新加坡&马来西亚&印度&英国&法国&加拿大&西班牙&俄罗斯&其它",
            "class_name": "全部&喜剧&动作&科幻&恐怖&爱情&战争&剧情&记录&犯罪&动画&院线&冒险&惊悚&悬疑&奇幻&家庭&魔幻&灾难&青春&音乐&其他",
            "class_url": "1&8&9&11&12&10&13&26&28&41&36&55&63&64&65&66&67&82&83&84&85&86",
            "col_type": "movie_3",
            "find_rule": "body&&.v_img;a&&title;img&&data-original;.mvs&&Text;a&&href",
            "chapter_find": ".lazy&&data-original;meta,3&&content;body&&.play-contnet@a;Text;href;.choose-mu&&a@Text"
        },
        {
            "title": "机器猫剧集",
            "url": "http://www.jqmdy.com/vod-type-id-fyclass-wd--letter--year-fyyear-area-fyarea-order--p-fypage.html",
            "year_name": "全部&2018&2017&2016&2015&2014&2013&2012&2011&2010&2009&2008&2007&2006&2005",
            "year_url": "&2018&2017&2016&2015&2014&2013&2012&2011&2010&2009&2008&2007&2006&2005",
            "area_name": "全部&大陆&香港&台湾&美国&韩国&日本&泰国&新加坡&马来西亚&印度&英国&法国&加拿大&西班牙&俄罗斯&其它",
            "area_url": "&中国大陆&香港&台湾&美国&韩国&日本&泰国&新加坡&马来西亚&印度&英国&法国&加拿大&西班牙&俄罗斯&其它",
            "class_name": "全部&国产剧&香港TVB&台湾剧&韩剧&日剧&欧美剧&海外剧&其它剧",
            "class_url": "2&15&16&23&24&18&17&25&81&41",
            "col_type": "movie_3",
            "find_rule": "body&&.v_img;a&&title;img&&data-original;.mvs&&Text;a&&href",
            "chapter_find": ".lazy&&data-original;meta,3&&content;body&&.play-contnet@a;Text;href;.choose-mu&&a@Text"
        },
        {
			"title": "秒播电影",
			"url": "http://www.mbkkk.com/?m=vod-type-id-fyclass-pg-fypage.html[firstPage=http://www.mbkkk.com/?m=vod-type-id-fyclass.html]",
			"year_name": "",
			"year_url": "",
			"area_name": "",
			"area_url": "",
			"class_name": "电影&动作片&喜剧片&爱情片&科幻片&恐怖片&剧情片&战争片&伦理片",
			"class_url": "1&5&6&7&8&9&10&11&16",
			"find_rule": ".xing_vb&&ul;.xing_vb4&&a&&Text;*;.xing_vb6&&Text;.xing_vb4&&a&&href",
			"chapter_find": ".ibox&&.vodBox&&img&&src;.vodplayinfo&&Text;.vodplayinfo,1&&ul@li;Text;Text;.vodplayinfo,1&&h3@Text!来源：",
			"movie_find": "continue"
		},
		{
			"title": "秒播电视剧",
			"url": "http://www.mbkkk.com/?m=vod-type-id-fyclass-pg-fypage.html[firstPage=http://www.mbkkk.com/?m=vod-type-id-fyclass.html]",
			"year_name": "",
			"year_url": "",
			"area_name": "",
			"area_url": "",
			"class_name": "连续剧&国产剧&港台剧&日韩剧&欧美剧&泰国剧",
			"class_url": "2&12&13&14&15&30",
			"find_rule": ".xing_vb&&ul;.xing_vb4&&a&&Text;*;.xing_vb6&&Text;.xing_vb4&&a&&href",
			"chapter_find": ".ibox&&.vodBox&&img&&src;.vodplayinfo&&Text;.vodplayinfo,1&&ul@li;Text;Text;.vodplayinfo,1&&h3@Text!来源：",
			"movie_find": "continue"
		},
        {
            "title": "禾纳久久",
            "url": "http://www.hena99.com/index.php/vod/show/fyarea/id/fyclass/fyyear/page/fypage.html",
            "year_name": "全部&2019&2018&2017&2016&2015&2014&2013&2012&2011&2010",
            "year_url": "&/year/2019&/year/2018&/year/2017&/year/2016&/year/2015&/year/2014&/year/2013&/year/2012&/year/2011&/year/2010",
            "area_name": "全部&大陆&台湾&香港&美国&法国&英国&日本&韩国&德国&泰国&印度&意大利&西班牙&加拿大&其它",
            "area_url": "&area/大陆&area/台湾&area/香港&area/美国&area/法国&area/英国&area/日本&area/韩国&area/德国&area/泰国&area/印度&area/意大利&area/西班牙&area/加拿大&area/其它",
            "class_name": "全部&综艺&动漫&动作&喜剧&爱情&科幻&恐怖&悬疑&战争&奇幻&犯罪&剧情&伦理&记录&福利&音乐&剧集&国产剧&港台剧&日韩剧&欧美剧&海外剧",
            "class_url": "1&3&4&6&7&8&9&10&28&12&26&27&11&20&23&29&21&2&13&14&15&16&22",
            "find_rule": ".tv-list&&li;a&&title;.v-pic&&img&&data-src;.v-tips&&Text;a&&href",
            "chapter_find": ".v-pic&&img&&data-src;.infor_intro&&Text;body&&.play_num_list@li;a&&Text;a&&href;.play_source_tab&&a@Text",
            "movie_find": "js:var Url = player_data.url;setMovieFindResult(Url);"
        },      
        {
            "title": "搜狗视频",
            "url": "http://m.v.sogou.com/fyyearpage-fypage.html",
            "year_name": "电视剧&电影&动漫&综艺&古装剧&最新剧集",
            "year_url": "teleplay/list/&film/list/&cartoon/list/&tvshow/list/&teleplay/list/style-%E5%8F%A4%E8%A3%85+&teleplay/list/order-time+",
            "area_name": "",
            "area_url": "",
            "class_name": "",
            "class_url": "",
            "find_rule": "#video_table&&li;a&&title;.list-img&&img&&src;p&&Text;a&&href",
            "chapter_find": "",
            "movie_find": ""
        },     
        {
            "title": "小嘀咕影院",
            "url": "http://m.xdg456.com/index.php?m=vod-list-id-fyclass-pg-fypage-order--by--class-0-year-fyyear-letter--area-fyarea-lang-.html​",
            "year_name": "全部&2016&2015&2014&2013&2012&2011&2010&2009&2008&2007&2006&2005&2004&2003&2002&2001&2000&1999&1998&1997&1996&1995",
            "year_url": "&2016&2015&2014&2013&2012&2011&2010&2009&2008&2007&2006&2005&2004&2003&2002&2001&2000&1999&1998&1997&1996&1995",
            "area_name": "全部&大陆&香港&台湾&美国&韩国&日本&泰国&新加坡&马来西亚&印度&英国&法国&加拿大&西班牙&俄罗斯&其它",
            "area_url": "&大陆&香港&台湾&美国&韩国&日本&泰国&新加坡&马来西亚&印度&英国&法国&加拿大&西班牙&俄罗斯&其它",
            "class_name": "电影&动作&喜剧&爱情&科幻&恐怖&剧情&战争&灾难&纪录&悬疑&伦理&合集&|&电视剧&国产剧&港台剧&韩剧&欧美剧&日韩剧&日剧&泰剧",
            "class_url": "1&5&6&7&8&9&10&11&24&27&35&28&36&&2&12&13&15&16&14&17&18",
            "col_type": "movie_3",
            "find_rule": "#data_list&&li;.sTit&&Text;.pic&&img&&src;.sBottom&&Text;a&&href;",
            "chapter_find": ".detailPic&&img&&src;.tb_z&&Text;body&&.lhmain@li;a&&Text;a&&href;body&&label@Text"
        },    
        {
            "title": "低端影视",
            "url": "http://ddrk.me/fyAll/page/fypage",
            "year_name": "动作&喜剧&爱情&科幻&犯罪&悬疑&恐怖&NSFW",
            "year_url": "tag/action&tag/comedy&tag/romance&tag/sci-fi&tag/crime&tag/mystery&tag/horror&tag/nsfw",
            "area_name": "热映中&站长推荐&豆瓣电影Top250&会员专区",
            "area_url": "category/airing&tag/recommend&tag/douban-top250&category/vip",
            "class_name": "电影&剧集&动漫&综艺&纪录",
            "class_url": "category/movie&category/drama&category/anime&category/variety&category/documentary",
            "col_type":"movie_3",
            "find_rule": "body&&.post-box-container;h2&&Text;*;a&&Text;a,-1&&href"
        },
        {
			"title": "超能影视",
			"url": "http://www.44cn.net/vodshow/fyclass/fyarea/page/fypage/fyyear.html",
			"class_name": "电影&动作&喜剧&爱情&科幻&恐怖&剧情&战争&犯罪&|&连续剧&国产剧&港台剧&日韩剧&欧美剧&|&人人美剧&悬疑烧脑&喜剧青春&动漫卡通&精英文艺&科幻动作&综艺选秀",
			"class_url": "1&6&7&8&9&10&11&12&43&&2&13&14&15&16&&46&47&48&49&50&51",
			"area_name": "全部&大陆&内地&韩国&香港&台湾&日本&美国&泰国&英国&新加坡&其他",
			"area_url": "&/area/大陆&/area/内地&/area/韩国&/area/香港&/area/台湾&/area/日本&/area/美国&/area/泰国&/area/英国&/area/新加坡&其它",
			"year_name": "全部&2019&2018&2017&2016&2015&2014&2013&2012&2011&2010&2009&2008&2006&2005&2004",
			"year_url": "&/year/2019&/year/2018&/year/2017&/year/2016&/year/2015&/year/2014&/year/2013&/year/2012&/year/2011&/year/2010&/year/2009&/year/2008&/year/2006&/year/2005&/year/2004",
			"find_rule": "body&&.fed-list-item;.fed-list-title&&Text;.fed-list-pics&&data-original;.fed-list-remarks&&Text;a&&href",
			"chapter_find": ".fed-list-pics&&data-original;.fed-part-both&&Text;body&&.fed-drop-item@.fed-btns-info;Text;href;body&&.fed-drop-btns@Text"
	    },
		{
			"title": "360电影",
			"url": "https://www.360kan.com/dianying/list.php?cat=fyarea&year=fyyear&act=all&area=fyclass&pageno=fypage@-1@*20@",
			"year_name": "全部&2019&2018&2017&2016&2015&2014&2013&2012&2011&2010&2009&2008&2007",
			"year_url": "&2019&2018&2017&2016&2015&2014&2013&2012&2011&2010&2009&2008&2007",
			"area_name": "全部&喜剧&动作&恐怖&科幻&剧情&犯罪&奇幻&战争&悬疑&动画&文艺&伦理&记录&传记&歌舞&古装&历史&惊悚",
			"area_url": "&100&106&102&104&112&105&113&108&115&107&117&101&118&119&120&121&122&123",
			"class_name": "全部&大陆&美国&香港&韩国&日本&法国&英国&德国&台湾&印度",
			"class_url": "&10&11&15&13&14&12&16&17&18&21&22",
			"find_rule": "body&&.item;.s1&&Text;img&&src;.hint&&Text;a&&href.js:'https://www.360kan.com'+input",
			"chapter_find": ".s-cover&&img&&src;.item-desc&&Text;.top-list-btns&&a,:-1;Text;a&&href",
			"movie_find": ""
		},
		{
			"title": "360剧集",
			"url": "https://www.360kan.com/dianshi/list.php?cat=fyarea&year=fyyear&act=all&area=fyclass&pageno=fypage@-1@*20@",
			"year_name": "全部&2019&2018&2017&2016&2015&2014&2013&2012&2011&2010&2009&2008&2007",
			"year_url": "&2019&2018&2017&2016&2015&2014&2013&2012&2011&2010&2009&2008&2007",
			"area_name": "全部&言情&伦理&喜剧&悬疑&都市&偶像&古装&军事&警匪&历史&励志&神话&谍战&青春&家庭&动作&情景&武侠&科幻",
			"area_url": "&101&105&109&108&111&100&104&107&103&112&116&117&118&119&120&115&114&106&113",
			"class_name": "全部&大陆&香港&台湾&韩国&泰国&日本&美国&英国&新加坡",
			"class_url": "&10&11&16&12&14&15&13&17&18",
			"find_rule": "body&&.item;.s1&&Text;img&&src;.hint&&Text;a&&href.js:'https://www.360kan.com'+input",
			"chapter_find": ".s-cover&&img&&src;.item-desc&&Text;.num-tab-main@a;Text;a&&href",
			"movie_find": ""
		},
	    {
            "title": "赤瞳电影",
            "url": "http://www.mxxla.cn/index.php/vod/show/fyarea/id/fyclass/page/fypage.html",
            "year_name": "",
            "year_url": "",
            "area_name": "全部&大陆&台湾&香港&美国&法国&英国&日本&韩国&德国&泰国&印度&意大利&西班牙&加拿大&其它",
            "area_url": "&area/大陆&area/台湾&area/香港&area/美国&area/法国&area/英国&area/日本&area/韩国&area/德国&area/泰国&area/印度&area/意大利&area/西班牙&area/加拿大&area/其它",
            "class_name": "全部&动作片&喜剧片&爱情片&科幻片&恐怖片&剧情片&战争片&动画片&奇幻片&记录片&微电影",
            "class_url": "1&6&7&8&9&10&11&12&23&24&25&26",
            "find_rule": ".macplus-vodlist&&li;a&&title;a&&data-original;.pic-text&&Text;a&&href",
            "chapter_find": ".macplus-content__thumb&&img&&data-original;#cText&&Text;.playlist&&ul@li;a&&Text;a&&href;body&&.gico@Text",
            "movie_find": "js:var Url = player_data.url;setMovieFindResult(Url);"
        }, 
        {
            "title": "一部电影",
            "url": "http://m.yibu11.com/vodshow/fyclass-fyarea-------fypage---fyyear.html[firstPage=http://m.yibu11.com/vodshow/fyclass-fyarea----------fyyear.html]​",
            "year_name": "全部&2019&2018&2017&2016&2015&2014&2013&2012&2011&2010&20092008&2007&2006&2005&2004",
            "year_url": "&2019&2018&2017&2016&2015&2014&2013&2012&2011&2010&20092008&2007&2006&2005&2004",
            "area_name": "全部&大陆&台湾&香港&美国&法国&英国&日本&韩国&德国&泰国&印度&意大利&西班牙&加拿大&其它",
            "area_url": "&%E5%A4%A7%E9%99%86&%E9%A6%99%E6%B8%AF&%E5%8F%B0%E6%B9%BE&%E7%BE%8E%E5%9B%BD&%E6%B3%95%E5%9B%BD&%E8%8B%B1%E5%9B%BD&%E6%97%A5%E6%9C%AC&%E9%9F%A9%E5%9B%BD&%E5%BE%B7%E5%9B%BD&%E6%B3%B0%E5%9B%BD&%E5%8D%B0%E5%BA%A6&%E6%84%8F%E5%A4%A7%E5%88%A9&%E8%A5%BF%E7%8F%AD%E7%89%99&%E5%8A%A0%E6%8B%BF%E5%A4%A7&%E5%85%B6%E4%BB%96",
            "class_name": "全部&动作&爱情&科幻&恐怖&战争&喜剧&记录&剧情",
            "class_url": "1&5&6&7&8&9&10&11&12",
            "find_rule": ".stui-vodlist&&li;a&&title;.stui-vodlist__thumb&&data-original;.pic-text&&Text;a&&href",
            "chapter_find": ".pic&&img&&src;.stui-content__desc&&Text;body&&.stui-content__playlist@li;a&&Text;a&&href;body&&.title,1:@Text",
            "movie_find": "js:var Url = player_data.url;setMovieFindResult(Url);"
		},
		{
			"title": "樱花动漫",
			"url": "https://www.yinghuaw.com/yinghua/dongmanfyyear-fypage.html",
			"year_name": "国产动漫&日本动漫&欧美动漫&动漫电影",
			"year_url": "1&2&3&4",
			"area_name": "",
			"area_url": "",
			"class_name": "",
			"class_url": "",
			"find_rule": ".am_news_list_all&&li;a&&title;img&&data-original;.am-icon-heartbeat&&Text;"
		},
		{
			"title": "番组计划",
			"url": "http://bangumi.tv/anime/browser/fyclass/airtime/fyyear?orderby=fyarea&page=fypage",
			"year_name": "2019&2018&2017&2016&2015&2014&2013&2012&2011&2010&2009&2008&2007&2006&2005&2004&2003&2002&2001&2000&全部",
			"year_url": "2019&2018&2017&2016&2015&2014&2013&2012&2011&2010&2009&2008&2007&2006&2005&2004&2003&2002&2001&2000&",
			"area_name": "全部&A&B&C&D&E&F&G&H&I&J&K&L&M&N&O&P&Q&R&S&T&U&V&W&X&Y&Z",
			"area_url": "&a&b&c&d&e&f&g&h&i&j&k&l&m&n&o&p&q&r&s&t&u&v&w&x&y&z",
			"class_name": "全部&TV&WEB&OVA&剧场版&其它",
			"class_url": "&tv&web&ova&movie&misc",
			"find_rule": ".browserFull&&li;.l&&Text;img&&src.js:input.replace('/s/','/l/');p&&Text"
		},
		{
			"title": "专属电台🎙",
			"url": "https://fm.qq.com/album/fyyear",
			"year_name": "企鹅点歌台&蕊希电台&晨曦微露&一路向北&许嵩电台",
			"year_url": "rd002NEekz2YrFWg&rd001NBiWP3DS9HC&rd003wM8Gv1Agm2f&rd003CCC8Z2gnaa2&rd000tlcc12PDr6k",
			"area_name": "",
			"area_url": "",
			"class_name": "",
			"class_url": "",
			"col_type": "text_1",
			"find_rule": "#j-show-list&&.item;#j-title-play&&Text;*;.info&&Text;a&&href"
		},
		{
			"title": "蜻蜓FM🎙",
			"url": "https://www.qingting.fm/radiopage/fyAll/fypage",
			"year_name": "国家台&网络台",
			"year_url": "409&407",
			"area_name": "北京&浙江&天津&河北&上海&山西&内蒙古&辽宁&吉林&黑龙江&江苏&安徽&福建&江西&山东&河南&湖北&湖南&广东&广西&海南&重庆&四川&贵州&云南&陕西&甘肃&宁夏&新疆&西藏&青海",
			"area_url": "3&99&5&7&83&19&31&44&59&69&85&111&129&139&151&169&187&202&217&239&254&257&259&281&291&316&327&351&357&308&342",
			"class_name": "资讯&音乐&交通&经济&文艺&都市&体育&双语&综合&生活&旅游&曲艺&方言",
			"class_url": "433&442&429&439&432&441&430&431&440&438&435&436&434",
			"col_type": "movie_3",
			"find_rule": ".contentSec&&.radio;span&&Text;img&&src;.descRadio&&Text!正在直播：;a&&href",
			"chapter_find": "",
			"movie_find": ""
		},
		{
			"title": "情感FM🎙",
			"url": "https://fm.qq.com/category/39104_fyyear",
			"year_name": "全部&情感治愈&晚安心语&美文故事&恋爱宝典&两性夜话&旅行人文",
			"year_url": "39104&39105&109&39106&38983&107&108",
			"area_name": "",
			"area_url": "",
			"class_name": "",
			"class_url": "",
			"col_type": "movie_1",
			"find_rule": "body&&.item;.title&&Text;img&&srcset;.info&&Text;a&&href"
		},
		{
			"title": "音乐FM🎙",
			"url": "https://fm.qq.com/category/39110_fyyear",
			"year_name": "全部&经典&流行&歌手&榜单&催眠&欧美&日韩&影视&古风",
			"year_url": "39110&39116&38936&117&41101&40083&38937&40078&38942&40080",
			"area_name": "",
			"area_url": "",
			"class_name": "",
			"class_url": "",
			"col_type": "movie_1",
			"find_rule": "body&&.item;.title&&Text;img&&srcset;.info&&Text;a&&href"
		},
		{
			"title": "虎牙直播📺",
			"url": "http://www.huya.com/cache.php?m=LiveList&do=getLiveListByPage&gameId=fyyear&tagAll=0&page=fypage",
			"year_name": "美食&绝地求生&刺激战场&DOTA2&英雄联盟&王者荣耀&我的世界&星秀&吃喝玩乐&一起看&二次元&颜值",
			"year_url": "2752&2793&3203&7&1&2336&1732&1663&100044&2135&2633&2168",
			"area_name": "",
			"area_url": "",
			"class_name": "",
			"class_url": "",
			"col_type": "pic_2",
			"find_rule": "js: var s = getResCode(); var json={}; eval('json=' + s);var res={};var d=[];for(var i=0;i<json.data.datas.length;i++){var j = json.data.datas[i]; var r = {};r.pic_url=j.screenshot;r.title = j.introduction;r.desc=j.nick;r.url='https://m.huya.com/' + j.profileRoom;d.push(r);}res.data = d;setHomeResult(res);"
		},
		{
			"title": "斗鱼直播📺",
			"url": "https://m.douyu.com/api/room/list?page=fypage&type=fyAll[firstPage=https://m.douyu.com/api/room/list?page=1&type=fyAll]",
			"year_name": "英雄联盟&穿越火线&DOTA2&炉石传说&刀塔自走棋&魔兽争霸&APEX英雄",
			"year_url": "jdqs&LOL&CF&DOTA2&How&dota2rpg&mszb&APEX",
			"area_name": "颜值横屏&二次元&一起看&星娱&户外&乡野&美食&音乐",
			"area_url": "XX&ecy&yqk&xingyu&HW&xiangye&ms&music",
			"class_name": "王者荣耀&和平精英&自走棋手游&欢乐麻将&赤潮自走棋&CF手游&欢乐斗地主&第五人格&狼人杀",
			"class_url": "wzry&hpjy&zzq&HLMJ&chichao&CFSY&hlddz&dwrg&LRS",
			"col_type": "movie_2",
			"find_rule": "js: var s = getResCode(); var json={}; eval('json=' + s);var res={};var d=[];for(var i=0;i<json.data.list.length;i++){var j = json.data.list[i]; var r = {};r.pic_url=j.roomSrc;r.title = j.roomName;r.desc=j.nickname;r.url='https://m.douyu.com/' + j.rid;d.push(r);}res.data = d;setHomeResult(res);"
		},
        {
            "title": "企鹅电竞📺",
            "url": "https://egame.qq.com/livelist?layoutid=fyAll",
            "year_name": "王者荣耀&和平精英&英雄联盟&绝地求生&刀塔自走棋&穿越火线&CF手游&Apex英雄&QQ飞车",
            "year_url": "1104466820&1106467070&lol&2000000133&40000001435&Cf&1104512706&400000001503&1104922185",
            "area_name": "赛事专区&新游中心&暴雪专区&主机游戏",
            "area_url": "2000000151&40000001309&400000001544&2000000140",
            "class_name": "轮播&户外专区&梦工厂&陪你看&娱乐",
            "class_url": "2000000110&40000001470&2000000157&2000000110&40000001472",
            "col_type":"movie_2",
            "find_rule": "body&&.gui-list-normal;a&&title;img,-2&&src.js:input.replace('//','http://');.name&&Text;a&&href"
        },
		{
			"title": "哔哩直播📺",
			"url": "https://live.bilibili.com/p/eden/area-tags?parentAreaId=1&areaId=fyclass",
			"year_name": "",
			"year_url": "",
			"area_name": "",
			"area_url": "",
			"class_name": "全部&映评馆&音乐台&视频唱见&视频聊天&才艺&虚拟主播&美食&户外&手工&萌宠&学习",
			"class_url": "0&33&34&21&145&143&199&136&123&25&28&27",
			"col_type": "movie_2",
			"find_rule": ".list&&li;h3&&Text;.cover&&style.js:input.replace('background-image:url(','').replace(')；；','');span,1&&Text;a&&href"
		},
		{
			"title": "腾讯课堂📚",
			"url": "https://ke.qq.com/course/list?fyyear&price_min=0&price_max=0&page=fypage",
			"year_name": "全部&IT·互联网&设计·创作&语言·留学&职业·考证&升学·考研&兴趣·生活&电商·营销",
			"year_url": "&mt=1001&mt=1002&mt=1003&mt=1004&mt=1005&mt=1006&mt=1007",
			"area_name": "",
			"area_url": "",
			"class_name": "",
			"class_url": "",
			"col_type": "movie_1",
			"find_rule": ".course-card-list&&li;img&&alt;img&&src;.item-source&&Text;a&&href"
		},
		{
			"title": "好趣直播📺",
			"url": "http://m.haoqu.net/fyclass/;get;gb2312",
			"year_name": "",
			"year_url": "",
			"area_name": "",
			"area_url": "",
			"class_name": "央视&卫视&省级&港澳台&国外",
			"class_url": "1&2&3&4&5",
			"col_type": "text_2",
			"find_rule": ".zblist&&li;a&&Text;*;*;a&&href"
		},
		{
			"title": "飞速直播📺",
			"url": "http://m.feisuzhibo.com/",
			"year_name": "",
			"year_url": "",
			"area_name": "",
			"area_url": "",
			"class_name": "",
			"class_url": "",
			"col_type": "text_1",
			"find_rule": ".list&&a;Text;*;.type&&Text;a&&href"
		},
        {
            "title": "下厨房",
            "url": "https://www.xiachufang.com/fyAll?page=fypage",
            "year_name": "",
            "year_url": "",
            "area_name": "家常菜&快手菜&下饭菜&早餐&汤羹&烘培&小吃",
            "area_url": "category/40076&category/40077&category/40078&category/40071&category/20130&category/51761&category/40073",
            "class_name": "本周最受欢迎&新秀菜谱&往期头条&厨房101&月度最佳&最新创建&流行菜单",
            "class_url": "explore&explore/rising&explore/head&honor&explore/monthhonor&explore/created&explore/menu/pop",
            "col_type":"movie_1",
            "find_rule": ".pure-u-3-4&&li;img&&alt;img&&data-src;.stats||.stat||.time&&Text;a&&href"
        },
		{
			"title": "不死鸟",
			"url": "https://lai.yuweining.cn/fyyear/fypage/",
			"year_name": "必看&图片&视频",
			"year_url": "b&p&shipin",
			"area_name": "",
			"area_url": "",
			"class_name": "",
			"class_url": "",
			"col_type": "movie_1",
			"find_rule": "#archive&&article;h2&&Text;.post-card&&meta&&content;.post-card-info&&span,1&&Text;a&&href"
		},
		{
			"title": "谷粉导航",
			"url": "http://gufenso.coderschool.cn/",
			"year_name": "",
			"year_url": "",
			"area_name": "",
			"area_url": "",
			"class_name": "",
			"class_url": "",
			"col_type": "text_2",
			"find_rule": "#categtags1&&li;a&&Text;*;a&&href;a&&href"
		},
		{
			"title": "学术屋",
			"url": "http://sci.xueshuwu.cn/",
			"year_name": "",
			"year_url": "",
			"area_name": "",
			"area_url": "",
			"class_name": "",
			"class_url": "",
			"col_type": "text_2",
			"find_rule": "body&&li,3:;a&&Text;*;*;a&&href"
		},
		{
			"title": "龙轩导航",
			"url": "http://m.ilxdh.com/fyyear.html",
			"year_name": "音乐&资源搜索&模板素材&生活休闲&读物&学习天堂&软件应用",
			"year_url": "music&ss&moban&sh&reading&learn&soft",
			"area_name": "",
			"area_url": "",
			"class_name": "",
			"class_url": "",
			"col_type": "text_2",
			"find_rule": ".bd&&li,1:;a&&Text;*;a&&href;a&&href"
		},
		{
			"title": "MikuTools",
			"url": "https://miku.tools",
			"year_name": "",
			"year_url": "",
			"area_name": "",
			"area_url": "",
			"class_name": "",
			"class_url": "",
			"col_type": "text_2",
			"find_rule": ".home&&a,:-10;title;*;*;href"
		},
		{
			"title": "美图RSS🖼",
			"url": "https://rsshub.app/fyAll",
			"class_name": "必应&煎蛋无聊&国家地理&煎蛋妹子&不羞涩",
			"class_url": "bing&jandan/top&natgeo/dailyphoto&jandan/ooxx&dbmv",
			"area_name": "",
			"area_url": "",
			"year_name": "",
			"year_url": "",
			"col_type": "pic_1",
			"find_rule": "js: var rss = new XML('<rss' + getResCode().split('<rss')[1]);var res={};var d=[];var items = rss.child(0).children();for (var i in items) {if((items[i]+'').indexOf('<item')==0){var r={};  var j=items[i];  r.title=j.child(0)+''; var p = (j.child(1)+'').match(/src=\"(.*)\"/);if(p!=null){r.pic_url=p[1]}else{r.pic_url='*'};r.desc = j.child(2);r.url=j.child(3);d.push(r);}}res.data=d;setHomeResult(res);"
		},
		{
			"title": "干货妹子🖼",
			"col_type": "pic_3",
			"url": "http://gank.io/api/data/%E7%A6%8F%E5%88%A9/15/fypage",
            "class_name": "",
			"class_url": "",
			"area_name": "",
			"area_url": "",
			"year_name": "",
			"year_url": "",
			"find_rule": "js:var s=getResCode();var json={};eval('json='+s);var res={};var d=[];for(var i=0;i<json.results.length;i++){var j = json.results[i]; var r = {};r.pic_url=j.url;r.desc=j.desc;r.title = j.who;r.url=r.pic_url;d.push(r);}res.data = d;setHomeResult(res);"
		},
		{
			"title": "堆糖壁纸🖼",
			"col_type": "pic_3",
			"url": "https://www.duitang.com/napi/blog/list/by_category/?start=fypage@-1@*24@&include_fields=sender%2Calbum%2Clike_count%2Cmsg&limit=24&cate_key=5017d172705cbe10c0000008&path=",
            "class_name": "",
			"class_url": "",
			"area_name": "",
			"area_url": "",
			"year_name": "",
			"year_url": "",
			"find_rule": "js:var s=getResCode();var json={};eval('json='+s);var res={};var d=[];for(var i=0;i<json.data.object_list.length;i++){var j = json.data.object_list[i]; var r = {};r.pic_url=j.photo.path.replace('.jpeg','.thumb.400_0.jpeg').replace('.jpg','.thumb.400_0.jpg');r.desc=j.sender.username;r.title='壁纸'+j.photo.path;r.url=j.photo.path;d.push(r);}res.data = d;setHomeResult(res);"
		},
		{
			"title": "壁纸族🖼",
			"col_type": "pic_3",
			"url": "https://m.bizhizu.cn/shouji/fyAll/fypage.html",
            "class_name": "全部&风景&明星&唯美&小清新",
			"class_url": "&tag-风景&tag-明星&tag-唯美&tag-小清新",
			"area_name": "",
			"area_url": "",
			"year_name": "",
			"year_url": "",
			"find_rule": ".sec_block&&dl;dt&Text;img&&src;*;img&&src.js:input.split('.jpg')[0]+'.jpg'"
		},
		{
			"title": "B站图片🖼",
			"col_type": "pic_1",
			"url": "https://api.vc.bilibili.com/link_draw/v2/fyclass&type=fyyear&page_num=fypage@-1@&page_size=20",
            "class_name": "画友&私服&Cosplay",
			"class_url": "Doc/list?category=all&Photo/list?category=sifu&Photo/list?category=cos",
			"area_name": "",
			"area_url": "",
			"year_name": "最新&最热",
			"year_url": "new&hot",
			"find_rule": "js:var s=getResCode();var json={};eval('json='+s);var res={};var d=[];for(var i=0;i<json.data.items.length;i++){var j = json.data.items[i]; var r = {};r.pic_url=j.item.pictures[0].img_src;r.desc=j.user.name+' · '+new Date(parseInt(j.item.upload_time) * 1000).toLocaleString().split('日')[0]+'日';r.title = j.item.title;r.url=r.pic_url;d.push(r);}res.data = d;setHomeResult(res);"
		},
		{
			"title": "500px🖼",
			"col_type": "pic_3",
			"url": "https://500px.me/community/discover/fyclass?resourceType=0,2&startTime=&page=fypage&size=20&type=json",
            "class_name": "排名上升&新作&推荐",
			"class_url": "rankingRise&created_date&recommendTime",
			"area_name": "",
			"area_url": "",
			"year_name": "",
			"year_url": "",
			"find_rule": "js:var s=getResCode();var json=JSON.parse(s);var res={};var d=[];for(var i=0;i<json.length;i++){var j = json[i];var r={};r.pic_url=j.url.baseUrl+'!p1';r.desc=j.uploaderInfo.nickName;r.title=j.rating;r.url=j.url.baseUrl+'!p4';d.push(r);}res.data = d;setHomeResult(res);"
		},
		{
			"title": "V2EX📚",
			"url": "https://www.v2ex.com/fyAll",
			"class_name": "技术&全部&最热",
			"class_url": "&?tab=all&?tab=hot",
			"area_name": "创意&好玩&酷工作&问与答&交易&城市",
			"area_url": "?tab=creative&?tab=play&&?tab=jobs&?tab=qna&?tab=deals&?tab=city",
			"year_name": "",
			"year_url": "",
			"col_type": "text_1",
			"find_rule": "body&&#Main&&.box&&table;a,1&&Text;img&&src;.topic_info&&Text;a,1&&href"
	    },
		{
			"title": "博客园📚",
			"url": "https://www.cnblogs.com/fyAll",
			"year_name": "",
			"year_url": "",
			"area_name": "",
			"area_url": "",
			"class_name": "首页&精华&候选&新闻",
			"class_url": "&pick&candidate&news",
			"col_type": "text_1",
			"find_rule": "#post_list&&.post_item;h3&&Text;*;p&&Text;h3&&a&&href"
	    },
		{
			"title": "思否📚",
			"url": "https://segmentfault.com/channel/fyAll",
			"class_name": "安卓&后端&前端&iOS",
			"class_url": "android&backend&frontend&ios",
			"area_name": "人工智能&小程序&区块链&安全",
			"area_url": "ai&miniprogram&bc&netsec",
			"year_name": "行业&工具&程序员&SF官方",
			"year_url": "industry&toolkit&programmer&segmentfault",
			"col_type": "text_1",
			"find_rule": ".news-list&&.news-item;h4&&Text;*;.article-excerpt&&Text;a&&href"
	    },
		{
			"title": "泡在网上…📚",
			"url": "http://www.jcodecraeer.com/plus/list.php?tid=fyAll&PageNo=fypage",
			"class_name": "安卓&前端&程序设计&综合资讯&iOS",
			"class_url": "16&5&6&4&27",
			"area_name": "",
			"area_url": "",
			"year_name": "",
			"year_url": "",
			"col_type": "text_1",
			"find_rule": ".archive-list&&.archive-item;a&&title;*;p&&Text;a&&href"
	    },
		{
			"title": "掘金标签📚",
			"url": "https://juejin.im/tag/fyAll",
			"class_name": "架构&后端&Go&微服务&设计模式&服务器",
			"class_url": "架构&后端&Go&微服务&设计模式&服务器",
			"area_name": "Android&前端&交互设计&浏览器&Vue&JavaScript",
			"area_url": "Android&前端&交互设计&浏览器&Vue.js&JavaScript",
			"year_name": "",
			"year_url": "",
			"col_type": "text_1",
			"find_rule": "body&&.view-container&&.main-container&&.tag-view&&.tag-entry-list-box&&.entry-list&&.entry-box;.title&&Text;*;.meta-list&&.username&&Text;a&&href"
		},
		{
			"title": "掘金📚",
			"url": "https://rsshub.app/juejin/fyAll",
			"class_name": "安卓&iOS&后端&前端&人工智能&运维&设计&产品",
			"class_url": "trending/android/monthly&trending/ios/monthly&trending/backend/monthly&trending/frontend/monthly&trending/ai/monthly&trending/devops/monthly&trending/design/monthly&trending/product/monthly",
			"area_name": "沸点&架构&Android&apk&Go&微服务&交互设计&浏览器&Vue",
			"area_url": "pins&tag/架构&tag/Android&tag/APK&tag/Go&tag/微服务&tag/交互设计&tag/浏览器&tag/Vue",
			"year_name": "Android&前端&后端&iOS",
			"year_url": "category/android&category/frontend&category/backend&category/ios",
			"col_type": "movie_1",
			"find_rule": "js: var rss = new XML('<rss' + getResCode().split('<rss')[1]);var res={};var d=[];var items = rss.child(0).children();for (var i in items) {if((items[i]+'').indexOf('<item')==0){var r={};  var j=items[i];  r.title=j.child(0)+''; var p = (j.child(1)+'').match(/src=\"(.*)\"/);if(p!=null){r.pic_url=p[1]}else{r.pic_url='*'};r.desc = j.child(1)+'';if(r.title[0] == r.desc[0]){r.desc=j.child(5)+' | '+j.child(2)}; r.url=j.child(4);d.push(r);}}res.data=d;setHomeResult(res);"
		},
		{
			"title": "CSDN📚",
			"url": "https://www.csdn.net/api/articles?type=more&category=fyclass&shown_offset=0&first_view=false;get;UTF-8;{User-Agent@Mozilla/5.0 (Windows NT 10.0；； Win64；； x64; rv:66.0) Gecko/20100101 Firefox/66.0&&Host@www.csdn.net}",
			"year_name": "",
			"year_url": "",
			"area_name": "",
			"area_url": "",
			"class_name": "移动开发&架构&前端&云计算/大数据&音视频开发&数据库&程序人生",
			"class_url": "mobile&arch&web&cloud&avi&db&career",
			"col_type": "text_1",
			"find_rule": "js: var json={}; eval('json=' + getResCode());var res={};var d=[];for(var i=0;i<json.articles.length;i++){var r={};var j=json.articles[i];r.title=j.title;r.pic_url='*';r.desc=j.sub_title+' · '+j.views+'阅读 · '+j.created_at+'\\n\\n'+j.desc;r.url=j.url;d.push(r);}res.data=d;setHomeResult(res);"
		}
	]
}