{
  "from": "小棉袄，坚决抵制破解盗版",
  "rules": [
    {
      "name": "电台之家",
      "url": "http://m.radio366.com/tv/",
      "rule": ".list-box&&a;Text;href"
    },
    {
      "name": "影视_棉袄⛱",
      "url": "https://coding.net/u/Gold2River/p/NetRaw/git/raw/master/yingshi.json",
      "rule": "js: var json={};eval('json='+getResCode());var res={};var d=[];for(var i=0;i<json.lives.length;i++){var r={};var j=json.lives[i];r.title=j.name;r.url=j.url;d.push(r);}res.data=d;setHomeResult(res);"
    },
    {
      "name": "央视_棉袄⛱",
      "url": "https://coding.net/u/Gold2River/p/NetRaw/git/raw/master/yangshi.json",
      "rule": "js: var json={};eval('json='+getResCode());var res={};var d=[];for(var i=0;i<json.lives.length;i++){var r={};var j=json.lives[i];r.title=j.name;r.url=j.url;d.push(r);}res.data=d;setHomeResult(res);"
    },
    {
      "name": "卫视_棉袄⛱",
      "url": "https://coding.net/u/Gold2River/p/NetRaw/git/raw/master/weishi.json",
      "rule": "js: var json={};eval('json='+getResCode());var res={};var d=[];for(var i=0;i<json.lives.length;i++){var r={};var j=json.lives[i];r.title=j.name;r.url=j.url;d.push(r);}res.data=d;setHomeResult(res);"
    },
    {
      "name": "地方国际_棉袄⛱",
      "url": "https://coding.net/u/Gold2River/p/NetRaw/git/raw/master/dfgj.json",
      "rule": "js: var json={};eval('json='+getResCode());var res={};var d=[];for(var i=0;i<json.lives.length;i++){var r={};var j=json.lives[i];r.title=j.name;r.url=j.url;d.push(r);}res.data=d;setHomeResult(res);"
    },
    {
      "name": "EvilCult源",
      "url": "https://raw.githubusercontent.com/EvilCult/iptv-m3u-maker/master/tv.m3u8",
      "rule": "js: var s=getResCode().split('#EXTINF');var res={};var d=[];for(var i=1;i<s.length;i++){var r={};var j=s[i];var k=j.split('http');r.title=k[0].split(', ')[2];r.url='http'+k[1].replace('\\n','');d.push(r);}res.data=d;setHomeResult(res);"
    },
    {
      "name": "9300港台国外",
      "url": "http://zb.9300tv.com/index.php?m=download&a=index&id=107",
      "rule": "ul&&li;a&&Text;a&&href"
    },
    {
      "name": "9300央视",
      "url": "http://zb.9300tv.com/index.php?m=download&a=index&id=67",
      "rule": "ul&&li;a&&Text;a&&href"
    },
    {
      "name": "9300卫视",
      "url": "http://zb.9300tv.com/index.php?m=download&a=index&id=68",
      "rule": "ul&&li;a&&Text;a&&href"
    },
    {
      "name": "央视频道",
      "url": "http://yun.shagedu.com/app/index.php?i=2&c=entry&fenlei=%E5%A4%AE%E8%A7%86%E9%A2%91%E9%81%93&op=%E5%A4%AE%E8%A7%86%E9%A2%91%E9%81%93&do=index_list&m=ruite_tvzb",
      "rule": ".mui-table-view&&.mui-table-view-cell;a&&Text;a&&href"
    },
    {
      "name": "卫视频道",
      "url": "http://yun.shagedu.com/app/index.php?i=2&c=entry&fenlei=%E5%8D%AB%E8%A7%86%E9%A2%91%E9%81%93&op=%E5%8D%AB%E8%A7%86%E9%A2%91%E9%81%93&do=index_list&m=ruite_tvzb",
      "rule": ".mui-table-view&&.mui-table-view-cell;a&&Text;a&&href"
    },
    {
      "name": "港台频道",
      "url": "http://yun.shagedu.com/app/index.php?i=2&c=entry&fenlei=%E6%B8%AF%E5%8F%B0%E9%A2%91%E9%81%93&op=%E6%B8%AF%E5%8F%B0%E9%A2%91%E9%81%93&do=index_list&m=ruite_tvzb",
      "rule": ".mui-table-view&&.mui-table-view-cell;a&&Text;a&&href"
    },
    {
      "name": "影视频道",
      "url": "http://yun.shagedu.com/app/index.php?i=2&c=entry&fenlei=%E5%BD%B1%E8%A7%86%E9%A2%91%E9%81%93&op=%E5%BD%B1%E8%A7%86%E9%A2%91%E9%81%93&do=index_list&m=ruite_tvzb",
      "rule": ".mui-table-view&&.mui-table-view-cell;a&&Text;a&&href"
    },
    {
      "name": "少儿频道",
      "url": "http://yun.shagedu.com/app/index.php?i=2&c=entry&fenlei=%E5%B0%91%E5%84%BF%E9%A2%91%E9%81%93&op=%E5%B0%91%E5%84%BF%E9%A2%91%E9%81%93&do=index_list&m=ruite_tvzb",
      "rule": ".mui-table-view&&.mui-table-view-cell;a&&Text;a&&href"
    },
    {
      "name": "体育频道",
      "url": "http://yun.shagedu.com/app/index.php?i=2&c=entry&fenlei=%E4%BD%93%E8%82%B2%E9%A2%91%E9%81%93&op=%E4%BD%93%E8%82%B2%E9%A2%91%E9%81%93&do=index_list&m=ruite_tvzb",
      "rule": ".mui-table-view&&.mui-table-view-cell;a&&Text;a&&href"
    },
    {
      "name": "音乐频道",
      "url": "http://yun.shagedu.com/app/index.php?i=2&c=entry&fenlei=%E9%9F%B3%E4%B9%90%E9%A2%91%E9%81%93&op=%E9%9F%B3%E4%B9%90%E9%A2%91%E9%81%93&do=index_list&m=ruite_tvzb",
      "rule": ".mui-table-view&&.mui-table-view-cell;a&&Text;a&&href"
    },
    {
      "name": "百视体育",
      "url": "http://v.baitv.com/channel/",
      "rule": ".channel-list&&li;a&&Text;a&&href"
    },
    {
      "name": "百视央视",
      "url": "http://v.baitv.com/channel/",
      "rule": ".channel-list,1&&li;a&&Text;a&&href"
    },
    {
      "name": "百视卫视",
      "url": "http://v.baitv.com/channel/",
      "rule": ".channel-lis,2&&li;a&&Text;a&&href"
    },
    {
      "name": "内地台",
      "url": "http://m.shiting5.com/tv/cn/",
      "rule": ".list-box&&li;Text;a&&href"
    },
    {
      "name": "电影直播",
      "url": "https://dianliang521.github.io/gaoqingzhibo/index.html",
      "rule": "body&&.middel&&a,:-2;Text;href"
    },
    {
      "name": "电视直播2",
      "url": "http://jamesfengcao.coding.me/uWeb/tvlive/",
      "rule": "body&&.post-content&&a;Text;href"
    },
    {
      "name": "ivi直播📺",
      "url": "http://ivi.bupt.edu.cn",
      "rule": "body&&.2u;p&&Text;a,1&&href"
    }
  ],
  "lives": [
    {
      "name": "爱好_棉袄⛱",
      "lives": [
        {
          "name": "十万个冷笑话",
          "url": "http://aldirect.hls.huya.com/huyalive/94525224-2553630828-10967760892317401088-3049003140-10057-A-0-1_1500.m3u8"
        },
        {
          "name": "Big笑工坊",
          "url": "https://js.hls.huya.com/huyalive/94525224-2669150520-11463914191501393920-4413173724-10057-A-0-1_1500.m3u8"
        },
        {
          "name": "野食小哥",
          "url": "https://tx.hls.huya.com/huyalive/96584413-96584413-414826895138357248-3724460598-10057-A-0-1_1500.m3u8"
        },
        {
          "name": "动画电影",
          "url": "https://aldirect.hls.huya.com/huyalive/29106097-2689406818-11550914328949424128-2789274560-10057-A-1525417691-1_1500.m3u8"
        },
        {
          "name": "自定义",
          "url": "http://www.iyuji.cn/iyuji/s/MkJwenVHOEdBVE10L0ZqcmFibnBwZz09/1560953145493391"
        }
      ]
    },
    {
      "name": "爱好-纯二🎈",
      "lives": [
        {
          "name": "CFPL春季赛",
          "url": "http://tc-tct.douyucdn2.cn/dyliveflv1/605964rzzgGEOZHr.flv?wsAuth=5af3d62647ec47e560bd7178aad8a276&token=app-android1-124701978-605964-2d0764ea87587d7eb57f73ff2718cbb2ac323f2d82168265&logo=0&expire=0&did=21b9edcc-bbf1-4ad2-9cbe-8274fffe9da3&ver=v5.0.0&channel=94&pt=1&st=0&mix=0"
        },
        {
          "name": "王者荣耀kpl",
          "url": "http://tc-tct.douyucdn2.cn/dyliveflv1/1984847r2vcfh9an_1024p.flv?wsAuth=6476302c56e27c7506141965c3e89a13&token=app-android1-124701978-1984847-027e006a7c2058c9fe4b6d31fe2878b854ad4a3201bbdf5f&logo=0&expire=0&did=21b9edcc-bbf1-4ad2-9cbe-8274fffe9da3&ver=v5.0.0&channel=94&pt=1&st=0&mix=0"
        },
        {
          "name": "CF赛事",
          "url": "http://tx.hls.huya.com/huyalive/78941969-2543231004-10923093988353245184-2693349284-10057-A-0-1.m3u8"
        },
        {
          "name": "企鹅.鹿小町",
          "url": "https://3954-out.liveplay.myqcloud.com/live/3954_178228302.flv?bizid=3954&amp;txSecret=a670f6c051acc262e382def499979634&amp;txTime=5cc42765&amp;uid=0&amp;fromdj="
        },
        {
          "name": "企鹅.超玩会梦泪",
          "url": "https://3954-out.liveplay.myqcloud.com/live/3954_497142175.flv?bizid=3954&amp;txSecret=2cdcdda6605a1345a3096aed70e6e79a&amp;txTime=5cc428ee&amp;uid=0&amp;fromdj="
        },
        {
          "name": "斗鱼.白鲨AyoM",
          "url": "http://tc-tct.douyucdn2.cn/dyliveflv3a/12821rmHNB7Jis_1024p.flv?wsAuth=76fd6203b7c435660517280eefae8184&token=app-android1-124701978-12821-e5bf0ba6f881594e1f81128df7583da8831292426acc0e6e&logo=0&expire=0&did=b0da2ece-93aa-4dfb-939b-3f79b6c221f4&ver=v5.0.0&channel=94&pt=1&st=0&mix=0"
        },
        {
          "name": "斗鱼.骚白",
          "url": "http://tc-tct.douyucdn2.cn/dyliveflv1/911rsaobai_1024p.flv?wsAuth=6d1dbfb5c5004ff61bf437627f7fb97c&token=app-android1-124701978-911-0db75ba1f3d2708556a95bd717e0a8f492e476d51179eaa6&logo=0&expire=0&did=53cdcebb-e87c-4a92-b7ab-a95d142aba96&ver=v5.0.0&channel=94&pt=1&st=0&mix=0&isp="
        },
        {
          "name": "虎牙.夕阳",
          "url": "http://tx.flv.huya.com/huyalive/45076172-2612946512-11222519815237271552-271285706-10057-A-0-1.flv?wsSecret=8ac975ba03653e7e0ff29e8ad111b93c&wsTime=5cd7e8a7"
        },
        {
          "name": "虎牙.猴三棍",
          "url": "http://tx.flv.huya.com/huyalive/73879396-73879396-317309589668233216-3114494368-10057-A-0-1.flv?wsSecret=fabea6a2f7c7f680a88582b1763ae5d8&wsTime=5cd7dc2a"
        },
        {
          "name": "触手.sdm、剑仙",
          "url": "http://wslive-hls.kascend.com/chushou_live/5eeef5ed70cc4b6d9f677dbbe3f5592a/playlist.m3u8?wsSecret=6c76c9b9109c1bd3a300b6d6f5b97395&wsABSTime=5cbdc711&"
        },
        {
          "name": "B站.OldBa1",
          "url": "https://txy.live-play.acgvideo.com/live-txy/780778/live_50621949_9557153.flv?wsSecret=6b8162e3e6e352039ef56d2c8f136fd3&wsTime=1555772199&trid=40b08f09d67041589d3ed995378de690&order=1&sig=no"
        },
        {
          "name": "电视直播站",
          "url": "http://z.redleave.cn/"
        },
        {
          "name": "sir说电影",
          "url": "https://ws.streamhls.huya.com/huyalive/1444295617-1444295617-6203202440771141632-4441426180-10057-A-0-1_1200/playlist.m3u8"
        },
        {
          "name": "短视频解析",
          "url": "http://cntvs.cc/index/index/video.html"
        },
        {
          "name": "music解析",
          "url": "http://cntvs.cc/index/index/music.html"
        },
        {
          "name": "@持续更新......",
          "url": "https://ws3.sinaimg.cn/large/005BYqpgly1g2dxmpdhikj30fr0nodhm.jpg\n"
        }
      ]
    },
    {
      "name": "央视二🎈",
      "lives": [
        {
          "name": "CCTV-1央视",
          "url": "http://ivi.bupt.edu.cn/hls/cctv1hd.m3u8"
        },
        {
          "name": "CCTV-2财经",
          "url": "http://mgzb.live.miguvideo.com:8088/wd_r2/cctv/cctv2hd/1500/01.m3u8?msisdn=3083ef101384f0a094458a9315f6c093&mdspid=&spid=699004&netType=0&sid=5500346945&pid=2028597139&timestamp=20190422184157&Channel_ID=0116_25000000-99000-100300010010001&ProgramID=631780532&ParentNodeID=-99&assertID=5500346945&client_ip=117.36.165.92&SecurityKey=20190422184157&imei=&promotionId=&mvid=&mcid=&mpid=&playurlVersion=SJ-A10.0.1&mtv_session=c96cadae359931826e9cc4205e75c1b4&HlsSubType=1&HlsProfileId=1&nphaid=0&encrypt=9a1ab6384c69f6d3bad9f6e17cef9206"
        },
        {
          "name": "CCTV-3综艺",
          "url": "http://223.110.243.170/PLTV/3/224/3221225588/index.m3u8"
        },
        {
          "name": "CCTV-4国际",
          "url": "http://223.110.242.130:6610/gitv/live1/G_CCTV-4-HQ/1.m3u8"
        },
        {
          "name": "CCTV-5体育",
          "url": "http://223.110.242.130:6610/gitv/live1/G_CCTV-5-HQ/1.m3u8"
        },
        {
          "name": "CCTV-5+赛事",
          "url": "http://39.134.52.163/hwottcdn.ln.chinamobile.com/PLTV/88888890/224/3221226198/index.m3u8"
        },
        {
          "name": "CCTV-6电影",
          "url": "http://223.110.242.130:6610/cntv/live1/HD-2500k-1080P-cctv6/HD-2500k-1080P-cctv6/1.m3u8"
        },
        {
          "name": "CCTV-7军农",
          "url": "http://117.169.72.144:8080/wh7f454c46tw1056182565_1788932852/ysten-businessmobile/live/cctv-7/1.m3u8?icpid=88888888&RTS=1549771633&from=18140001&hms_devid=104"
        },
        {
          "name": "CCTV-8电视剧",
          "url": "http://223.110.242.130:6610/gitv/live1/G_CCTV-8-HQ/1.m3u8"
        },
        {
          "name": "CCTV-9记录",
          "url": "http://117.169.72.139:8080/wh7f454c46tw1033658451_221659548/ysten-businessmobile/live/cctv-news/1.m3u8?icpid=88888888&RTS=1549771801&from=18140001&hms_devid=64"
        },
        {
          "name": "CCTV-10科教",
          "url": "http://ivi.bupt.edu.cn/hls/cctv10.m3u8"
        },
        {
          "name": "CCTV-11戏曲",
          "url": "http://223.110.242.130:6610/gitv/live1/G_CCTV-11-HQ/1.m3u8"
        },
        {
          "name": "CCTV-12社法",
          "url": "http://ivi.bupt.edu.cn/hls/cctv12.m3u8"
        },
        {
          "name": "CCTV-13新闻",
          "url": "https://cctvcnch5c.v.wscdns.com/live/cctv13_2/index.m3u8?contentid=2820180516001"
        },
        {
          "name": "CCTV-14少儿",
          "url": "http://ivi.bupt.edu.cn/hls/cctv14.m3u8"
        },
        {
          "name": "CCTV-15音乐",
          "url": "http://ivi.bupt.edu.cn/hls/cctv15.m3u8"
        },
        {
          "name": "CCTV-第一剧场",
          "url": "http://mgzb.live.miguvideo.com:8088/ws_v/2018/dyjc/dyjc711/1000/01.m3u8?msisdn=miguTvH5-f4951cd990214dcb11296a1f71a5ad6a&sid=2200019158&timestamp=20190422192022&Channel_ID=0217_10320000003&pid=2028597139&spid=699019&imei=null&netType=null&ProgramID=220001915820190422008&client_ip=223.104.3.238&mvid=null&mpid=null&mcid=null&AdFlag=1&AdCodeNum=49&VideoType=live&AdFile=miguad06&mtv_session=95fdc9b08c556f6c5940c1b5a389bb63&HlsSubType=1&HlsProfileId=1&nphaid=0&encrypt=8cb18d5f398fa9441e71ce5a793059d0"
        },
        {
          "name": "CCTV-怀旧剧场",
          "url": "http://mgzb.live.miguvideo.com:8088/ws_v/2018/hjjc/hjjc711/1000/index.m3u8?msisdn=miguTvH5-f4951cd990214dcb11296a1f71a5ad6a&sid=2200019453&timestamp=20190422192156&Channel_ID=0217_10320000003&pid=2028597139&spid=699019&imei=null&netType=null&ProgramID=220001945320190422016&client_ip=223.104.3.238&mvid=null&mpid=null&mcid=null&AdFlag=1&AdCodeNum=49&VideoType=live&AdFile=miguad06&encrypt=2860204d9b5f9613bb72da484cf004bd"
        },
        {
          "name": "CCTV-风云剧场",
          "url": "http://h5live.gslb.cmvideo.cn/ws_v/2018/fyjc/fyjc711/1000/index.m3u8?msisdn=miguTvH5-f4951cd990214dcb11296a1f71a5ad6a&sid=2200019164&timestamp=20190422192146&Channel_ID=0217_10320000003&pid=2028597139&spid=699019&imei=null&netType=null&ProgramID=220001916420190422006&client_ip=223.104.3.238&mvid=null&mpid=null&mcid=null&AdFlag=1&AdCodeNum=49&VideoType=live&AdFile=miguad06&encrypt=8bd6e99743601541d8fa2ad15b09f1f3"
        },
        {
          "name": "CCTV-风云音乐",
          "url": "http://h5live.gslb.cmvideo.cn/ws_v/2018/fyyy/fyyy711/1000/index.m3u8?msisdn=miguTvH5-9ced742ddda501ded098e3e2df3c4de3&sid=2200019225&timestamp=20190422191737&Channel_ID=0217_10320000003&pid=2028597139&spid=699019&imei=null&netType=null&ProgramID=220001922520190422017&client_ip=223.104.3.238&mvid=null&mpid=null&mcid=null&AdFlag=1&AdCodeNum=49&VideoType=live&AdFile=miguad06&encrypt=80c9980b103753d6a06c8d9d31b3fb9a"
        }
      ]
    },
    {
      "name": "卫视二🎈",
      "lives": [
        {
          "name": "金鹰卡通",
          "url": "http://121.31.30.90:8085/ysten-business/live/jinyingkaton/1.m3u8"
        },
        {
          "name": "优曼卡通",
          "url": "http://223.110.243.171/PLTV/3/224/3221226982/index.m3u8"
        },
        {
          "name": "炫动卡通",
          "url": "http://121.31.30.90:8085/ysten-business/live/xuandongkaton/1.m3u8"
        },
        {
          "name": "卡酷少儿",
          "url": "http://ivi.bupt.edu.cn/hls/btv10.m3u8"
        },
        {
          "name": "动画王国",
          "url": "http://121.31.30.90:8085/ysten-business/live/donghuawg/1.m3u8"
        },
        {
          "name": "北京卫视",
          "url": "http://223.110.242.130:6610/cntv/live1/beijingstv/1.m3u8"
        },
        {
          "name": "湖南卫视",
          "url": "http://223.110.242.130:6610/cntv/live1/hunanstv/1.m3u8"
        },
        {
          "name": "江苏卫视",
          "url": "http://ivi.bupt.edu.cn/hls/jshd.m3u8"
        },
        {
          "name": "浙江卫视",
          "url": "http://121.31.30.90:8085/ysten-business/live/hdzhejiangstv/yst.m3u8"
        },
        {
          "name": "东方卫视",
          "url": "http://223.110.243.138/PLTV/3/224/3221227208/index.m3u8"
        },
        {
          "name": "广东卫视",
          "url": "http://ivi.bupt.edu.cn/hls/gdhd.m3u8"
        },
        {
          "name": "广西卫视",
          "url": "http://223.110.242.130:6610/cntv/live1/guangxistv/1.m3u8"
        },
        {
          "name": "江西卫视",
          "url": "http://116.199.5.51:8114/index.m3u8?Fsv_chan_hls_se_idx=40&FvSeid=1&Fsv_ctype=LIVES&Fsv_otype=1&Provider_id=&Pcontent_id=.m3u8"
        },
        {
          "name": "云南卫视",
          "url": "http://223.110.242.130:6610/cntv/live1/yunnanstv/1.m3u8"
        },
        {
          "name": "四川卫视",
          "url": "http://116.199.5.51:8114/index.m3u8?Fsv_chan_hls_se_idx=3&FvSeid=1&Fsv_ctype=LIVES&Fsv_otype=1&Provider_id=&Pcontent_id=.m3u8"
        },
        {
          "name": "四川卫视2",
          "url": "http://ivi.bupt.edu.cn/hls/sctv.m3u8"
        },
        {
          "name": "湖北卫视",
          "url": "http://223.110.243.171/PLTV/3/224/3221227211/index.m3u8"
        },
        {
          "name": "安徽卫视",
          "url": "http://livehls1-al.wasu.cn/hd_ahws/z.m3u8?auth_key=f5857d8aecc6def5ae72b6bb0d4c6ec6-1556017148-6d0cd3016da559889cecd92dbad39fc9-&sk=1341ed71e7316aecde480aff0a82b188&vid=2519415&cid=1&version=MIPlayer_V1.7.0&vtype=2019032710001&sign=2a97572f945d36673293602aad94e3ab41831802"
        },
        {
          "name": "贵州卫视",
          "url": "http://223.110.242.130:6610/cntv/live1/guizhoustv/1.m3u8"
        },
        {
          "name": "青海卫视",
          "url": "http://223.110.242.130:6610/cntv/live1/qinghaistv/1.m3u8"
        },
        {
          "name": "山东卫视",
          "url": "http://livehls1-al.wasu.cn/hd_sdws/z.m3u8?auth_key=5a190bb60daa88b88499c2db8f129d71-1556017048-dbbb275087353f846622a9a160c910d9-&sk=1341ed71e7316aecde480aff0a82b188&vid=1938207&cid=1&version=MIPlayer_V1.7.0&vtype=2019032710001&sign=a49e7ca6d5a8e4a100cc98090122aab1f8c40849"
        },
        {
          "name": "山西卫视",
          "url": "http://223.110.242.130:6610/cntv/live1/shanxistv/1.m3u8"
        },
        {
          "name": "河南卫视",
          "url": "http://223.110.242.130:6610/cntv/live1/henanstv/1.m3u8"
        },
        {
          "name": "河北卫视",
          "url": "http://weblive.hebtv.com/live/hbws_bq/index.m3u8"
        },
        {
          "name": "内蒙古卫视",
          "url": "http://223.110.242.130:6610/cntv/live1/neimenggustv/1.m3u8"
        },
        {
          "name": "东南卫视",
          "url": "http://223.110.242.130:6610/cntv/live1/dongnanstv/1.m3u8"
        },
        {
          "name": "南方卫视",
          "url": "http://116.199.5.51:8114/index.m3u8?Fsv_chan_hls_se_idx=9&FvSeid=1&Fsv_filetype=1&Fsv_ctype=LIVES&Fsv_cid=0&Fsv_chan_hls_se_idx=9&Fsv_rate_id=2&Fsv_SV_PARAM1=0&Fsv_ShiftEnable=0&Fsv_ShiftTsp=0&Provider_id=&Pcontent_id=.m3u8&Fsv_CMSID=&Fsv_otype=1"
        },
        {
          "name": "陕西卫视",
          "url": "http://live3.plus.hebtv.com/shxws/sd/live.m3u8"
        },
        {
          "name": "甘肃卫视",
          "url": "http://223.110.245.141/ott.js.chinamobile.com/PLTV/3/224/3221225590/index.m3u8"
        },
        {
          "name": "宁夏卫视",
          "url": "http://223.110.242.130:6610/cntv/live1/ningxiastv/1.m3u8"
        },
        {
          "name": "辽宁卫视",
          "url": "http://223.110.242.130:6610/cntv/live1/liaoningstv/1.m3u8"
        },
        {
          "name": "吉林卫视",
          "url": "http://223.110.242.130:6610/cntv/live1/jilinstv/1.m3u8"
        },
        {
          "name": "黑龙江卫视",
          "url": "http://223.110.243.169/PLTV/3/224/3221227252/index.m3u8"
        },
        {
          "name": "天津卫视",
          "url": "http://223.110.243.170/PLTV/3/224/3221227212/index.m3u8"
        },
        {
          "name": "重庆卫视",
          "url": "http://223.110.242.130:6610/cntv/live1/chongqingstv/1.m3u8"
        },
        {
          "name": "深圳卫视",
          "url": "http://223.110.242.130:6610/cntv/live1/shenzhenstv/1.m3u8"
        },
        {
          "name": "旅游卫视",
          "url": "http://pili-live-hls.livelvy.sobeycache.com/livelvy/lvy1.m3u8"
        },
        {
          "name": "新疆卫视",
          "url": "http://223.110.242.130:6610/cntv/live1/xinjiangstv/1.m3u8"
        },
        {
          "name": "西藏卫视",
          "url": "http://223.110.242.130:6610/cntv/live1/xizangstv/1.m3u8"
        },
        {
          "name": "澳门卫视",
          "url": "http://stream.mastvnet.com/MSTV/SD/live.m3u8"
        },
        {
          "name": "香港卫视",
          "url": "http://zhibo.hkstv.tv/livestream/zb2yhapo/playlist.m3u8"
        },
        {
          "name": "台湾卫视",
          "url": "http://61.216.177.73/sta/ch10119036.m3u8"
        }
      ]
    },
    {
      "name": "地方二🎈",
      "lives": [
        {
          "name": "CHC高清电影",
          "url": "http://ivi.bupt.edu.cn/hls/chchd.m3u8"
        },
        {
          "name": "安徽经视频道",
          "url": "http://v.ahtv.cn/m2o/m3u8.php?url=http://live.ahtv.cn/live/jjsh.m3u8"
        },
        {
          "name": "安徽公共频道",
          "url": "http://v.ahtv.cn/m2o/m3u8.php?url=http://live.ahtv.cn/live/ahgg.m3u8"
        },
        {
          "name": "安徽综艺频道",
          "url": "http://v.ahtv.cn/m2o/m3u8.php?url=http://live.ahtv.cn/live/zypd.m3u8"
        },
        {
          "name": "安徽科教频道",
          "url": "http://v.ahtv.cn/m2o/m3u8.php?url=http://live.ahtv.cn/live/kjpd.m3u8"
        },
        {
          "name": "安徽人物频道",
          "url": "http://v.ahtv.cn/m2o/m3u8.php?url=http://live.ahtv.cn/live/rwpd.m3u8"
        },
        {
          "name": "安徽国际频道",
          "url": "http://live.ahtv.cn/live/ahgj.m3u8?txSecret=dbe9768e94f17289f9362539ff83ff83&txTime=5cca09f2"
        },
        {
          "name": "家家购物频道",
          "url": "http://v.ahtv.cn/m2o/m3u8.php?url=http://live.ahtv.cn/live/jiajia.m3u8"
        },
        {
          "name": "合肥新闻频道",
          "url": "http://120.193.102.2/live/hfbtv1/index.m3u8"
        },
        {
          "name": "蚌埠公共频道",
          "url": "http://newvod.ahbbtv.com:1935/live/ggpd/chunklist_w2128528045.m3u8"
        },
        {
          "name": "池州新闻综合",
          "url": "http://cztv.wshls.homecdn.com/live/829f.m3u8"
        },
        {
          "name": "宿州公共频道",
          "url": "http://live.ahsz.tv/video/s10001-ggpd/index.m3u8"
        },
        {
          "name": "阜阳公共频道",
          "url": "http://120.210.216.73:8080/ysten-business/reallive/fyggpd/1.m3u8"
        },
        {
          "name": "亳州新闻频道",
          "url": "http://220.180.110.101:8083/videos/live/33/59/NC7XQdEveyncq/NC7XQdEveyncq.M3U8"
        },
        {
          "name": "亳州农村频道",
          "url": "http://220.180.110.101:8083/videos/live/39/13/o4ncrHkSp7q09/o4ncrHkSp7q09.M3U8"
        },
        {
          "name": "芜湖生活频道",
          "url": "http://live1.wuhubtv.com/channel2/sd/live.m3u8"
        },
        {
          "name": "芜湖公共频道",
          "url": "http://live1.wuhubtv.com/channel3/sd/live.m3u8"
        },
        {
          "name": "安庆新闻频道",
          "url": "http://live.aqbtv.cn:9600/live/xnpd_109/tzwj_video.m3u8"
        },
        {
          "name": "安庆公共频道",
          "url": "http://live.aqbtv.cn:9600/live/ggpd_100/tzwj_video.m3u8"
        },
        {
          "name": "六安新闻综合",
          "url": "http://live.china-latv.com/channel1/sd/live.m3u8"
        },
        {
          "name": "六安公共频道",
          "url": "http://live.china-latv.com/channel2/sd/live.m3u8"
        },
        {
          "name": "淮南新闻综合",
          "url": "http://stream.0554news.com/hnds1/sd/live.m3u8"
        },
        {
          "name": "淮南都市频道",
          "url": "http://stream.0554news.com/hnds2/sd/live.m3u8"
        },
        {
          "name": "马鞍山新闻综合",
          "url": "http://live.massp.cn:5011/vod/video_hls/c01.m3u8"
        },
        {
          "name": "马鞍山公共频道",
          "url": "http://live.massp.cn:5011/vod/video_hls/c03.m3u8"
        },
        {
          "name": "滁州新闻综合",
          "url": "http://183.167.193.45:1935/live/cztvzh/playlist.m3u8"
        },
        {
          "name": "滁州科教频道",
          "url": "http://183.167.193.45:1935/live/cztvkj/playlist.m3u8"
        },
        {
          "name": "滁州公共频道",
          "url": "http://183.167.193.45:1935/live/cztvgg/playlist.m3u8"
        },
        {
          "name": "石台综合频道",
          "url": "http://112.27.85.131:8278/stzb/playlist.m3u8"
        },
        {
          "name": "休宁新闻综合",
          "url": "http://wshls.live.migucloud.com/live/WP3QSFVM_C0/playlist.m3u8"
        },
        {
          "name": "休宁公共生活",
          "url": "http://wshls.live.migucloud.com/live/8Z45GR5T_C0/playlist.m3u8"
        },
        {
          "name": "灵璧综合频道",
          "url": "http://live.cms.anhuinews.com/video/s10003-cctv13/index.m3u8"
        },
        {
          "name": "长丰新闻综合",
          "url": "http://218.23.114.19:1935/live/xinwen/playlist.m3u8"
        },
        {
          "name": "蒙城新闻频道",
          "url": "http://live.ahmctv.net/channel1/sd/live.m3u8"
        },
        {
          "name": "东至新闻综合",
          "url": "http://223.247.33.124:1935/live/zonghe/chunklist_w631457768.m3u8"
        },
        {
          "name": "东至文化资讯",
          "url": "http://223.247.33.124:1935/live/wenhua/playlist.m3u8"
        },
        {
          "name": "青阳电视台1套",
          "url": "http://111.38.103.210:1935/live/yitao/chunklist_w774410575.m3u8"
        },
        {
          "name": "潜山新闻综合",
          "url": "http://114.99.185.233:3030/hls/bherymtl/index.m3u8"
        },
        {
          "name": "肥西生活频道",
          "url": "http://60.168.145.236:1936/live/movie/playlist.m3u8"
        },
        {
          "name": "绩溪新闻频道",
          "url": "http://124.112.228.134:1935/live/zongyi/playlist.m3u8"
        },
        {
          "name": "凤台综合频道",
          "url": "http://60.175.115.119:1935/live/zonghe/chunklist_w1702084411.m3u8"
        },
        {
          "name": "含山新闻综合",
          "url": "http://223.241.197.199:1935/live/xinwen/playlist.m3u8"
        },
        {
          "name": "北京文艺HD",
          "url": "http://ivi.bupt.edu.cn/hls/btv2hd.m3u8"
        },
        {
          "name": "北京科教频道",
          "url": "http://cctvtxyh5c.liveplay.myqcloud.com/wstv/btv3_2/index.m3u8"
        },
        {
          "name": "北京财经频道",
          "url": "http://222.207.48.30/hls/btv5.m3u8"
        },
        {
          "name": "北京纪实高清",
          "url": "http://ivi.bupt.edu.cn/hls/btv11hd.m3u8"
        },
        {
          "name": "北京生活频道",
          "url": "http://222.207.48.30/hls/btv7.m3u8"
        },
        {
          "name": "北京青年频道",
          "url": "http://cctvtxyh5c.liveplay.myqcloud.com/wstv/btv8_2_hd.m3u8"
        },
        {
          "name": "北京新闻频道",
          "url": "http://111.206.131.74:9001/hls/tzxw/tzxw/stream.m3u8"
        },
        {
          "name": "通州电视台",
          "url": "http://111.206.131.74:9001/hls/tzxw/tzxw/stream.m3u8"
        },
        {
          "name": "房山电视台",
          "url": "http://live.funhillmedia.com/live/tv/tzwj_video.m3u8"
        },
        {
          "name": "怀柔电视台",
          "url": "http://live.huairtv.com:1935/dvrLive/hrtvmb/chunklist_w1289274675.m3u8"
        },
        {
          "name": "顺义电视台",
          "url": "http://pili-live-hls.livesydst.sobeycache.com/livesydst/zb01.m3u8"
        },
        {
          "name": "清华大学电视台",
          "url": "http://v.cic.tsinghua.edu.cn/hls/tsinghuatv.m3u8"
        },
        {
          "name": "重庆新闻频道",
          "url": "http://219.153.252.50/PLTV/88888888/224/3221225531/chunklist.m3u8"
        },
        {
          "name": "重庆都市频道",
          "url": "http://219.153.252.50/PLTV/88888888/224/3221225631/chunklist.m3u8"
        },
        {
          "name": "重庆科教频道",
          "url": "http://219.153.252.50/PLTV/88888888/224/3221225632/chunklist.m3u8"
        },
        {
          "name": "重庆科教频道",
          "url": "http://219.153.252.50/PLTV/88888888/224/3221225632/chunklist.m3u8"
        },
        {
          "name": "重庆文体娱乐",
          "url": "http://219.153.252.50/PLTV/88888888/224/3221225630/chunklist.m3u8"
        },
        {
          "name": "重庆生活资讯",
          "url": "http://219.153.252.50/PLTV/88888888/224/3221225629/chunklist.m3u8"
        },
        {
          "name": "重庆汽摩频道",
          "url": "http://219.153.252.50/PLTV/88888888/224/3221225634/chunklist.m3u8"
        },
        {
          "name": "重庆时尚频道",
          "url": "http://219.153.252.50/PLTV/88888888/224/3221225627/chunklist.m3u8"
        },
        {
          "name": "重庆移动公交",
          "url": "http://219.153.252.50/PLTV/88888888/224/3221225628/chunklist.m3u8"
        },
        {
          "name": "重庆移动机场",
          "url": "http://qxlmlive.cbg.cn:1935/app_2/ls_56.stream/chunklist.m3u8"
        },
        {
          "name": "重庆公共农村",
          "url": "http://219.153.252.50/PLTV/88888888/224/3221225626/chunklist.m3u8"
        },
        {
          "name": "睛彩重庆",
          "url": "http://219.153.252.50/PLTV/88888888/224/3221225635/chunklist.m3u8"
        },
        {
          "name": "铜梁综合频道",
          "url": "http://tonglianglive.cbg.cn:40123/ch1.m3u8"
        },
        {
          "name": "铜梁文旅频道",
          "url": "http://tonglianglive.cbg.cn:50123/ch2.m3u8"
        },
        {
          "name": "万州综合频道",
          "url": "http://wanzhoulive.cbg.cn:8017/iTXwrGs/800/live.m3u8"
        },
        {
          "name": "万州三峡移民",
          "url": "http://wanzhoulive.cbg.cn:8017/c2F0hmi/1000/live.m3u8"
        },
        {
          "name": "巴南综合频道",
          "url": "http://bananlive.cbg.cn/channel1/sd/live.m3u8"
        },
        {
          "name": "巴南生活服务",
          "url": "http://bananlive.cbg.cn/channel2/sd/live.m3u8"
        },
        {
          "name": "长寿综合频道",
          "url": "http://qxlmlive.cbg.cn:1935/app_2/ls_63.stream/chunklist.m3u8"
        },
        {
          "name": "永川综合频道",
          "url": "http://liveyongc.sobeycache.com/live/zb01.m3u8?auth_key=1589005128-0-0-10342fbb577f6e620cd2c6cdd625e51b"
        },
        {
          "name": "开州生活频道",
          "url": "http://kaixianlive.cbg.cn:10345/5.m3u8"
        },
        {
          "name": "大足综合频道",
          "url": "http://dazulive.cbg.cn:3170/hls1.m3u8"
        },
        {
          "name": "綦江综合频道",
          "url": "http://qxlmlive.cbg.cn:1935/app_2/_definst_/ls_25.stream/playlist.m3u8"
        },
        {
          "name": "涪陵电视台",
          "url": "http://liveful.sobeycache.com/live/zb01.m3u8?auth_key=1588991596-0-0-83e27640e000ffda5e557aaf642c3591"
        },
        {
          "name": "荣昌综合频道",
          "url": "http://183.64.181.25:40023/rongchang01.m3u8"
        },
        {
          "name": "万盛新闻综合",
          "url": "http://qxlmlive.cbg.cn:1935/app_2/ls_40.stream/chunklist.m3u8"
        },
        {
          "name": "黔江综合频道",
          "url": "http://qianjianglive.cbg.cn:9001/hls/live/live1/starsam.m3u8"
        },
        {
          "name": "江津新闻综合",
          "url": "http://jiangjinlive.cbg.cn:1935/ch1.m3u8"
        },
        {
          "name": "南川新闻综合",
          "url": "http://nanchuanlive.cbg.cn:30000/1111.m3u8"
        },
        {
          "name": "福州综合频道",
          "url": "http://live.zohi.tv/video/s10001-FZTV-1/index.m3u8"
        },
        {
          "name": "福州生活频道",
          "url": "http://live.zohi.tv/video/s10001-shpd-3/index.m3u8"
        },
        {
          "name": "晋江侨乡频道",
          "url": "http://stream.jinjiang.tv/1/sd/live.m3u8"
        },
        {
          "name": "厦门一套",
          "url": "http://cstv.live.wscdns.com/live/xiamen1/playlist.m3u8"
        },
        {
          "name": "厦门二套",
          "url": "http://cstv.live.wscdns.com/live/xiamen2/playlist.m3u8"
        },
        {
          "name": "厦门三套",
          "url": "http://cstv.live.wscdns.com/live/xiamen3/playlist.m3u8"
        },
        {
          "name": "厦门移动电视",
          "url": "http://cstv.live.wscdns.com/live/xiamenyidong/playlist.m3u8"
        },
        {
          "name": "龙岩综合频道",
          "url": "http://stream.lytv.net.cn/2/sd/live.m3u8"
        },
        {
          "name": "宁德公共频道",
          "url": "http://220.161.247.82:8199/live/nd2_1128.m3u8"
        },
        {
          "name": "三明综合频道",
          "url": "http://stream.smntv.cn/smtv1/sd/live.m3u8"
        },
        {
          "name": "三明公共频道",
          "url": "http://stream.smntv.cn/smtv2/sd/live.m3u8"
        },
        {
          "name": "尤溪生活频道",
          "url": "http://fjyx.chinashadt.com:2036/live/1008.stream/chunklist_w1591063273.m3u8"
        },
        {
          "name": "上杭综合频道",
          "url": "http://fjsh.chinashadt.com:1935/live/fjds.stream/chunklist_w630835877.m3u8"
        },
        {
          "name": "南安新闻综合",
          "url": "http://natv.cnjrna.com:3000/channel/sovp/1000000000000018/video_1564_none.m3u8"
        },
        {
          "name": "武夷山电视台",
          "url": "http://fjwys.chinashadt.com:2036/live/1.stream/chunklist_w1480850031.m3u8"
        },
        {
          "name": "宁化电视一套",
          "url": "http://fjnh.chinashadt.com:2036/live/stream:nh1.stream/chunklist_w644740325.m3u8"
        },
        {
          "name": "福安综合频道",
          "url": "http://r.gslb.lecloud.com/live/hls/2017102030000008116/desc.m3u8"
        },
        {
          "name": "甘肃经济频道",
          "url": "http://stream.gstv.com.cn/jjpd/sd/live.m3u8"
        },
        {
          "name": "甘肃都市频道",
          "url": "http://stream.gstv.com.cn/dspd/sd/live.m3u8"
        },
        {
          "name": "甘肃少儿频道",
          "url": "http://stream.gstv.com.cn/sepd/sd/live.m3u8"
        },
        {
          "name": "甘肃公共频道",
          "url": "http://stream.gstv.com.cn/ggpd/sd/live.m3u8"
        },
        {
          "name": "甘肃品质生活",
          "url": "http://stream.gstv.com.cn/pzsh/sd/live.m3u8"
        },
        {
          "name": "甘南藏语频道",
          "url": "http://live.gnrtv.com:9600/live/live2/tzwj_video.m3u8"
        },
        {
          "name": "敦煌综合频道",
          "url": "http://live.todaydunhuang.com:1935/live/live100/500K/tzwj_video.m3u8"
        },
        {
          "name": "天水新闻综合",
          "url": "http://61.178.129.74:5021/live_hls/1/playlist.m3u8"
        },
        {
          "name": "天水公共频道",
          "url": "http://61.178.129.74:5021/live_hls/3/playlist.m3u8"
        },
        {
          "name": "金昌公共频道",
          "url": "http://stream4.liveyun.hoge.cn/ch01/sd/live.m3u8"
        },
        {
          "name": "临夏综合频道",
          "url": "http://116.62.19.154:1935/live/linxiazhibo1/chunklist_w1007996885.m3u8"
        },
        {
          "name": "临夏公共频道",
          "url": "http://116.62.19.154:1935/live/linxiazhibo2/playlist.m3u8"
        },
        {
          "name": "广东经济科教",
          "url": "http://nclive.grtn.cn/tvs1hd/hd/live.m3u8"
        },
        {
          "name": "广东体育频道",
          "url": "http://nclive.grtn.cn/typd/sd/live.m3u8"
        },
        {
          "name": "广东珠江台",
          "url": "http://nclive.grtn.cn/zjpd/sd/live.m3u8"
        },
        {
          "name": "广东新闻频道",
          "url": "http://nclive.grtn.cn/xwpd/sd/live.m3u8"
        },
        {
          "name": "广东公共频道",
          "url": "http://nclive.grtn.cn/ggpd/sd/live.m3u8"
        },
        {
          "name": "广东房产频道",
          "url": "http://nclive.grtn.cn/fcpd/sd/live.m3u8"
        },
        {
          "name": "广东国际频道",
          "url": "http://nclive.grtn.cn/gjpd/sd/live.m3u8"
        },
        {
          "name": "广东综艺频道",
          "url": "http://nclive.grtn.cn/4K/sd/live.m3u8"
        },
        {
          "name": "广州经济频道",
          "url": "http://play.gztv.com/live/23436_9a1e9e7a84b211e892905cb9018cf0d4.m3u8"
        },
        {
          "name": "广州新闻频道",
          "url": "http://play.gztv.com/live/23436_e2fd8e1e7e7111e892905cb9018cf0d4.m3u8"
        },
        {
          "name": "深圳都市频道",
          "url": "http://www.szmgiptv.com:14436/hls/8.m3u8"
        },
        {
          "name": "深圳财经频道",
          "url": "http://www.szmgiptv.com:14436/hls/24.m3u8"
        },
        {
          "name": "深圳娱乐频道",
          "url": "http://www.szmgiptv.com:14436/hls/22.m3u8"
        },
        {
          "name": "深圳公共频道",
          "url": "http://www.szmgiptv.com:14436/hls/23.m3u8"
        },
        {
          "name": "河源综合频道",
          "url": "http://tmpstream.hyrtv.cn/xwzh/sd/live.m3u8"
        },
        {
          "name": "河源公共频道",
          "url": "http://tmpstream.hyrtv.cn/hygg/sd/live.m3u8"
        },
        {
          "name": "清远综合频道",
          "url": "http://stream1.0763f.com/qyzh/sd/live.m3u8"
        },
        {
          "name": "潮州综合频道",
          "url": "http://live.zscz0768.com/live/zhpd.m3u8"
        },
        {
          "name": "潮州公共频道",
          "url": "http://live.zscz0768.com/live/ggpd.m3u8"
        },
        {
          "name": "茂名综合频道",
          "url": "http://183.2.230.133:800/hls-live/livepkgr/_definst_/mmzh/mmzh.m3u8"
        },
        {
          "name": "茂名公共频道",
          "url": "http://183.2.230.133:800/hls-live/livepkgr/_definst_/mmgg/mmgg.m3u8"
        },
        {
          "name": "广西都市频道",
          "url": "http://mobilelive.gxtv.cn/live/nn_live1006/playlist.m3u8?wsSession=8ce427da6760dde5c74db57c-155688742220273&wsIPSercert=dc0f87c27245db2bf68855dee0817f6a&wsMonitor=0"
        },
        {
          "name": "桂林综合频道",
          "url": "http://nsul01u0.live2.danghongyun.com/live/hls/845e3ad6a37e418294f2063fe286262a/4f64f11649524c2f8a870073f3a13eb8-1.m3u8"
        },
        {
          "name": "南宁新闻综合",
          "url": "http://m3u8.nntv.cn/cutvlive/hGhh54l/hls/sG3h440_sd.m3u8"
        },
        {
          "name": "贵港新闻频道",
          "url": "http://nsul01u0.live2.danghongyun.com/live/hls/8c4dd3abb3394a199d2420aecc747d2e/a4e9f842e77b4450b82e5b13561bdcd9-1.m3u8"
        },
        {
          "name": "黔东南综合频道",
          "url": "http://hls.mlink.tv/mlink/glyKPQRZ.m3u8"
        },
        {
          "name": "同仁新闻综合",
          "url": "http://gztr.chinashadt.com:2036/live/stream:tr1.stream/chunklist_w1616897192.m3u8"
        },
        {
          "name": "海口新闻综合",
          "url": "http://hls.hkbtv.cn/hkbtv/0a2dnq6ZoKKknKmL4K2dmqqW7KGgn6uWoqk/playlist.m3u8"
        },
        {
          "name": "海口生活频道",
          "url": "http://hls.hkbtv.cn/hkbtv/0a2dnq6ZoKKknKiL4K2dmqqW7KGgn6uWoqc/playlist.m3u8"
        },
        {
          "name": "海口双创频道",
          "url": "http://hls.hkbtv.cn/hkbtv/0a2dnq6ZoKKknKeL4K2dmqqW7KGgn6uWoqU/playlist.m3u8"
        },
        {
          "name": "三亚新闻综合",
          "url": "http://hnsy.chinashadt.com:1935/live/syzb.stream/playlist.m3u8"
        },
        {
          "name": "河北都市频道",
          "url": "http://weblive.hebtv.com/live/hbds_bq/index.m3u8"
        },
        {
          "name": "河北经济频道",
          "url": "http://weblive.hebtv.com/live/hbjj_bq/index.m3u8"
        },
        {
          "name": "河北少儿频道",
          "url": "http://weblive.hebtv.com/live/hbse_bq/index.m3u8"
        },
        {
          "name": "河北公共频道",
          "url": "http://weblive.hebtv.com/live/hbgg_bq/index.m3u8"
        },
        {
          "name": "河北农民频道",
          "url": "http://weblive.hebtv.com/live/nmpd_bq/index.m3u8"
        },
        {
          "name": "衡水公共频道",
          "url": "http://hls.hsrtv.cn/hls/hstv3.m3u8"
        },
        {
          "name": "秦皇岛新闻频道",
          "url": "http://vod.qhdcm.com:1935/live/qhdtv1/800K/tzwj_video.m3u8"
        },
        {
          "name": "秦皇岛政法频道",
          "url": "http://vod.qhdcm.com:1935/live/qhdtv2/800K/tzwj_video.m3u8"
        },
        {
          "name": "邢台公共频道",
          "url": "http://hls.mlink.tv/mlink/bfgir23Y.m3u8"
        },
        {
          "name": "张家口一套",
          "url": "http://play.zjkgdcs.com/live/zjktv1/playlist.m3u8"
        },
        {
          "name": "张家口二套",
          "url": "http://nlive.zjkgdcs.com:8091/live/zjktv2.m3u8"
        },
        {
          "name": "张家口三套",
          "url": "http://nlive.zjkgdcs.com:8091/live/zjktv3.m3u8"
        },
        {
          "name": "沧州二套节目",
          "url": "http://czlive.czgd.tv:85/live/xnet.m3u8"
        },
        {
          "name": "沧州三套节目",
          "url": "http://czlive.czgd.tv:85/live/xnst.m3u8"
        },
        {
          "name": "临漳公共频道",
          "url": "http://hblz.chinashadt.com:1538/live/di3.stream/chunklist_w1325401546.m3u8"
        },
        {
          "name": "霸州公共频道",
          "url": "http://hbbz.chinashadt.com:2036/live/stream:bzgg.stream/chunklist_w687044355.m3u8"
        },
        {
          "name": "郑州教育频道",
          "url": "http://218.28.177.199:1935/live/mp4:500k/chunklist_w2137413369.m3u8"
        },
        {
          "name": "安阳新闻综合",
          "url": "http://hntvpull.8686c.com/wxtv/AY-1/playlist.m3u8"
        },
        {
          "name": "安阳公共频道",
          "url": "http://hntvpull.8686c.com/wxtv/AY-2/playlist.m3u8"
        },
        {
          "name": "焦作综合频道",
          "url": "http://222.143.133.157:90/hls/pd1.m3u8"
        },
        {
          "name": "焦作公共频道",
          "url": "http://222.143.133.157:90/hls/pd2.m3u8"
        },
        {
          "name": "濮阳新闻综合",
          "url": "http://218.29.171.2:380/live/py1/index.m3u8"
        },
        {
          "name": "濮阳公共频道",
          "url": "http://218.29.171.2:380/live/py2/index.m3u8"
        },
        {
          "name": "周口新闻综合",
          "url": "http://live.xcyun.net/video/s10001-XCTVFC/index.m3u8"
        },
        {
          "name": "商丘新闻综合",
          "url": "http://p2.vzan.cc/187521/131805213181965156/live.m3u8"
        },
        {
          "name": "商丘公共频道",
          "url": "http://p2.vzan.cc/187521/131805214110576825/live.m3u8"
        },
        {
          "name": "鹤壁综合频道",
          "url": "http://pili-live-hls.hebitv.com/hebi/hebi.m3u8"
        },
        {
          "name": "新乡公共频道",
          "url": "http://tv-hls.juyun.tv/kndXLiF/1000/live.m3u8"
        },
        {
          "name": "伊春综合频道",
          "url": "http://tv-hls.juyun.tv/kndXLiF/1000/live.m3u8"
        },
        {
          "name": "七台河矿区电视台",
          "url": "http://wshls.live.migucloud.com/live/41IXD6US_C0/playlist.m3u8"
        },
        {
          "name": "荆州新闻频道",
          "url": "http://119.188.249.242/guangdianyun_33058/tv_channel_216__redirect__33058.m3u8"
        },
        {
          "name": "荆州陇上频道",
          "url": "http://bsyll.qingk.cn/live/zhsysds2/index.m3u8"
        },
        {
          "name": "襄阳综合频道",
          "url": "http://xiangyang.live.cjyun.org/video/s10125-news_hd/index.m3u8"
        },
        {
          "name": "襄阳公共频道",
          "url": "http://xiangyang.live.cjyun.org/video/s10125-education_hd/index.m3u8"
        },
        {
          "name": "恩施综合频道",
          "url": "http://enshi.live.cjyun.org/video/s10070-eszh.m3u8"
        },
        {
          "name": "恩施公共频道",
          "url": "http://enshi.live.cjyun.org/video/s10070-esgg.m3u8"
        },
        {
          "name": "孝感新闻综合",
          "url": "http://xiaogan.live.cjyun.org/video/s10139-xg/index.m3u8"
        },
        {
          "name": "孝感公共频道",
          "url": "http://xiaogan.live.cjyun.org/video/s10139-shpd/index.m3u8"
        },
        {
          "name": "黄冈新闻频道",
          "url": "http://huanggang.live.cjyun.org/video/s10120-xwzh.m3u8"
        },
        {
          "name": "黄冈公共频道",
          "url": "http://huanggang.live.cjyun.org/video/s10120-xwgg.m3u8"
        },
        {
          "name": "仙桃新闻综合",
          "url": "http://220.194.157.67/guangdianyun_36979/tv_channel_509__redirect__36979.m3u8"
        },
        {
          "name": "咸宁综合频道",
          "url": "http://xianning.live.cjyun.org/video/s10140-XNGG.m3u8"
        },
        {
          "name": "咸宁公共频道",
          "url": "http://xianning.live.cjyun.org/video/s10140-XNTV-1.m3u8"
        },
        {
          "name": "利川新闻综合",
          "url": "http://lichuan.live.tempsource.cjyun.org/videotmp/s10093-lczh.m3u8"
        },
        {
          "name": "利川公共频道",
          "url": "http://lichuan.live.tempsource.cjyun.org/videotmp/s10093-lcgg.m3u8"
        },
        {
          "name": "当阳综合频道",
          "url": "http://dangyang.live.tempsource.cjyun.org/videotmp/s10118-DYZH.m3u8"
        },
        {
          "name": "应城生活频道",
          "url": "http://yingcheng.live.cjyun.org/video/s10135-YCDJ/index.m3u8"
        },
        {
          "name": "孝昌生活频道",
          "url": "http://xiaochang.live.cjyun.org/video/s10128-xcsh/index.m3u8"
        },
        {
          "name": "秭归新闻频道",
          "url": "http://zigui.live.cjyun.org/video/s10111-ZGTV1.m3u8"
        },
        {
          "name": "赤壁二套",
          "url": "http://hbcb.chinashadt.com:1936/live/tv2.stream/chunklist_w1478127780.m3u8"
        },
        {
          "name": "湖南国际频道",
          "url": "http://klglive.imgo.tv/nn_live/nn_x64/aWQ9S0xDRE1QUDM2MCZjZG5leF9pZD1rbGNkLWxpdmU,/HNGJMPP360.m3u8"
        },
        {
          "name": "湖南经视频道",
          "url": "http://vod.zzlknews.cn:40731/live/_definst_/hnjs/chunklist_w1621162808.m3u8"
        },
        {
          "name": "湖南都市频道",
          "url": "http://klglive.imgo.tv/nn_live/nn_x64/aWQ9S0xDRE1QUDM2MCZjZG5leF9pZD1rbGNkLWxpdmU,/HNDSMPP360.m3u8"
        },
        {
          "name": "金鹰纪实",
          "url": "http://klglive.imgo.tv/nn_live/nn_x64/aWQ9S0xDRE1QUDM2MCZjZG5leF9pZD1rbGNkLWxpdmU,/JYJSMPP360.m3u8"
        },
        {
          "name": "湖南公共频道",
          "url": "http://124.232.231.246:6610/uugd7752/000000001001/201600020007/index.m3u8?ispcode=8&IASHttpSessionId=SLB1076120190509053319076467"
        },
        {
          "name": "株洲新闻综合",
          "url": "http://live.zzbtv.com/live/live122/800K/tzwj_video.m3u8"
        },
        {
          "name": "株洲公共法制",
          "url": "http://live.zzbtv.com/live/live124/800K/tzwj_video.m3u8"
        },
        {
          "name": "湘西公共频道",
          "url": "http://36514.hlsplay.aodianyun.com/guangdianyun_36514/tv_channel_387.m3u8"
        },
        {
          "name": "张家界一套节目",
          "url": "http://stream.zjjrtv.com/zjjtv1/hd/live.m3u8"
        },
        {
          "name": "张家界二套节目",
          "url": "http://stream.zjjrtv.com/zjjtv2/hd/live.m3u8"
        },
        {
          "name": "邵东县电视台",
          "url": "http://hnsd.chinashadt.com:2036/live/stream:shaodong.stream/chunklist_w1564951551.m3u8"
        },
        {
          "name": "桃江县经济频道",
          "url": "http://hntj.chinashadt.com:2036/live/tv12.stream_360p/playlist.m3u8"
        },
        {
          "name": "快乐垂钓",
          "url": "http://klglive.imgo.tv/nn_live/nn_x64/aWQ9S0xDRE1QUDM2MCZjZG5leF9pZD1rbGNkLWxpdmU,/KLCDMPP360.m3u8"
        },
        {
          "name": "长春综合频道",
          "url": "http://stream2.jlntv.cn/jlcc/sd/live.m3u8"
        },
        {
          "name": "长春娱乐频道",
          "url": "http://stream.chinactv.com/ctv2/sd/live.m3u8"
        },
        {
          "name": "长春市民频道",
          "url": "http://stream.chinactv.com/ctv3/sd/live.m3u8"
        },
        {
          "name": "延边新闻综合",
          "url": "http://stream2.jlntv.cn/jlyb/sd/live.m3u8"
        },
        {
          "name": "通化新闻频道",
          "url": "http://stream2.jlntv.cn/tonghua1/sd/live.m3u8"
        },
        {
          "name": "吉林市新闻综合",
          "url": "http://stream2.jlntv.cn/jilin1/sd/live.m3u8"
        },
        {
          "name": "辽源综合频道",
          "url": "http://stream2.jlntv.cn/liaoyuan1/sd/live.m3u8"
        },
        {
          "name": "白山公共频道",
          "url": "http://live.jlbstv.com/live/bstv2.m3u8"
        },
        {
          "name": "安图民声频道",
          "url": "http://182.105.146.40/guangdianyun_32004/tv_channel_199__redirect__32004.m3u8"
        },
        {
          "name": "长白朝语频道",
          "url": "http://juyunlive.juyun.tv/live/11347146.m3u8"
        },
        {
          "name": "敦化一套",
          "url": "http://live.dhtv.tv/channel1/sd/live.m3u8"
        },
        {
          "name": "松原新闻综合",
          "url": "http://stream2.jlntv.cn/sytv/sd/live.m3u8"
        },
        {
          "name": "镇江新闻时政",
          "url": "http://live.zjmc.tv/1/sd/live.m3u8"
        },
        {
          "name": "镇江城市咨询",
          "url": "http://live.zjmc.tv/3/sd/live.m3u8"
        },
        {
          "name": "江阴新闻综合",
          "url": "http://w3.wifijiangyin.com:1936/live/xwzh_gq/playlist.m3u8"
        },
        {
          "name": "连云港新闻综合",
          "url": "http://bsyll.qingk.cn/live/lygtv1/index.m3u8"
        },
        {
          "name": "连云港城市公共",
          "url": "http://bsyll.qingk.cn/live/lygtv2/index.m3u8"
        },
        {
          "name": "张家港新闻频道",
          "url": "http://3gvod.zjgonline.com.cn:1935/live/xinwenzonghe2/chunklist_w1444821553.m3u8"
        },
        {
          "name": "张家港生活频道",
          "url": "http://3gvod.zjgonline.com.cn:1935/live/shehuishenghuo2/chunklist_w2141022664.m3u8"
        },
        {
          "name": "江西风尚购物",
          "url": "http://183.230.80.11/ysten-business/live/fengshanggw/1.m3u8"
        },
        {
          "name": "上饶综合频道",
          "url": "http://live.0793.tv/srtv1/sd/live.m3u8"
        },
        {
          "name": "上饶公共频道",
          "url": "http://live.0793.tv/srtv2/sd/live.m3u8"
        },
        {
          "name": "抚州综合频道",
          "url": "http://111.75.179.195:30767/video/live_vide.m3u8"
        },
        {
          "name": "抚州公共频道",
          "url": "http://111.75.179.195:30767/video/live_vide2.m3u8"
        },
        {
          "name": "鹰潭新闻频道",
          "url": "http://kbpull.kktv8.com/livekktv/117124785/playlist.m3u8"
        },
        {
          "name": "鹰潭公共频道",
          "url": "http://hpull.kktv8.com/livekktv/117126338/playlist.m3u8"
        },
        {
          "name": "宜春新闻频道",
          "url": "http://live.ycstv.com/hls/YCTV1HD.m3u8"
        },
        {
          "name": "宜春法治频道",
          "url": "http://live.ycstv.com/hls/YCTV2HD.m3u8"
        },
        {
          "name": "萍乡新闻综合",
          "url": "http://www.pxitv.com:8099/hls-live/livepkgr/_definst_/pxitvevent/pxtv1stream.m3u8"
        },
        {
          "name": "萍乡公共频道",
          "url": "http://www.pxitv.com:8099/hls-live/livepkgr/_definst_/pxitvevent/pxtv3stream.m3u8"
        },
        {
          "name": "辽宁公共频道",
          "url": "http://lms.csytv.com/Live/124/live/livestream.m3u8"
        },
        {
          "name": "沈阳新闻频道",
          "url": "http://lms.csytv.com/Live/122/live/livestream.m3u8"
        },
        {
          "name": "鞍山新闻综合",
          "url": "http://live2.asbctv.com:8134/hls-live/livepkgr/_definst_/liveevent/as1WWgkg7BUAuviwiBSRerOdiivJig0wcmE3Un0XSVLav-Tr1.m3u8"
        },
        {
          "name": "鞍山图文频道",
          "url": "http://live2.asbctv.com:8134/hls-live/livepkgr/_definst_/liveevent/3GtPeVD2t6OWb3SFZxUQL6FW0X7ojmndKJS9fdRjpdhgB71.m3u8"
        },
        {
          "name": "瓦房店新闻频道",
          "url": "http://pili-live-hls.livewafangd.sobeycache.com/livewafangd/dszb003.m3u8"
        },
        {
          "name": "瓦房店经济频道",
          "url": "http://pili-live-hls.livewafangd.sobeycache.com/livewafangd/dszb002.m3u8"
        },
        {
          "name": "包头经济频道",
          "url": "http://live.btgdt.com/channels/btgd/jjpd/m3u8:500k/live"
        },
        {
          "name": "包头综合频道",
          "url": "http://live.btgdt.com/channels/btgd/xwzh/m3u8:500k/live"
        },
        {
          "name": "包头生活频道",
          "url": "http://live.btgdt.com/channels/btgd/shfw/m3u8:500k/live"
        },
        {
          "name": "睛彩乌海",
          "url": "http://1.31.80.38:180/livestream0/playlist.m3u8"
        },
        {
          "name": "伊金霍洛新闻台",
          "url": "http://vedio.yjhlnews.com/yjhlq/vedio.m3u8"
        },
        {
          "name": "扎鲁特旗电视台",
          "url": "http://live.xn--kprp9vt3co1csxbnw2bdmep13c3h9a.xn--55qw42g.cn/live/zlt.m3u8"
        },
        {
          "name": "银川生活频道",
          "url": "http://stream.ycgbtv.com.cn/ycxw/sd/live.m3u8"
        },
        {
          "name": "银川公共频道",
          "url": "http://stream.ycgbtv.com.cn/ycgg/sd/live.m3u8"
        },
        {
          "name": "贺兰新闻综合频道",
          "url": "http://live.nx96200.cn/channel1/sd/live.m3u8"
        },
        {
          "name": "玉树新闻频道",
          "url": "http://tsl2.hls.cutv.com/cutvlive/3osW2en/hls/ro3W9e0_sd.m3u8"
        },
        {
          "name": "海南州藏语频道",
          "url": "http://live.hnzzzzzdst.com/channel1/sd/live.m3u8"
        },
        {
          "name": "海西州综合频道",
          "url": "http://stream.haixitv.cn/1/sd/live.m3u8"
        },
        {
          "name": "格尔木新闻频道",
          "url": "http://live.gemgdtv.com/channel1/sd/live.m3u8"
        },
        {
          "name": "格尔木公共频道",
          "url": "http://live.gemgdtv.com/channel2/sd/live.m3u8"
        },
        {
          "name": "中华美食频道",
          "url": "http://dlhls.live.cnlive.com:1935/cdn/zhonghuameishi/chunklist_w1804009669.m3u8"
        },
        {
          "name": "济南新闻频道",
          "url": "http://ts1.ijntv.cn/xwhd/hd/live.m3u8"
        },
        {
          "name": "济南都市频道",
          "url": "http://ts1.ijntv.cn/jnds/sd/live.m3u8"
        },
        {
          "name": "济南生活频道",
          "url": "http://ts2.ijntv.cn/jnsh/sd/live.m3u8"
        },
        {
          "name": "临沂新闻综合",
          "url": "http://live.ilinyi.net/channels/tvie/linyizonghe/m3u8:800k/live"
        },
        {
          "name": "临沂公共频道",
          "url": "http://live.ilinyi.net/channels/tvie/linyigonggong/m3u8:500k/live"
        },
        {
          "name": "济宁综合频道",
          "url": "http://lives.jnnews.tv/video/s10001-JTV1/index.m3u8"
        },
        {
          "name": "济宁公共频道",
          "url": "http://lives.jnnews.tv/video/s10001-JTV3/index.m3u8"
        },
        {
          "name": "枣庄新闻综合",
          "url": "http://tv-hls.juyun.tv/gMlJ23r/1000/live.m3u8"
        },
        {
          "name": "枣庄公共频道",
          "url": "http://tv-hls.juyun.tv/5r1S12I/1000/live.m3u8"
        },
        {
          "name": "东营综合频道",
          "url": "http://stream.hhek.cn/xwzh/sd/live.m3u8"
        },
        {
          "name": "东营公共频道",
          "url": "http://stream.hhek.cn/ggpd/sd/live.m3u8"
        },
        {
          "name": "威海综合频道",
          "url": "http://l3.weihai.tv:8081/hls/test.m3u8"
        },
        {
          "name": "威海公共频道",
          "url": "http://l3.weihai.tv:8081/hls/nZ93xKu5Ld.m3u8"
        },
        {
          "name": "威海海洋频道",
          "url": "http://l2.weihai.tv:8081/hls/haiyangpd.m3u8"
        },
        {
          "name": "济阳综合频道",
          "url": "http://push.hostpod.cn:888/hls/jyzh.m3u8"
        },
        {
          "name": "太原新闻频道",
          "url": "http://sxty.chinashadt.com:2036/zhibo/3.stream/chunklist_w2118201399.m3u8"
        },
        {
          "name": "阳泉综合频道",
          "url": "http://124.166.252.222:6505/live/ch1.m3u8"
        },
        {
          "name": "吕梁电视二套",
          "url": "http://sxll.chinashadt.com:1935/live/ll2/playlist.m3u8"
        },
        {
          "name": "临汾综合频道",
          "url": "http://sxxx.chinashadt.com:2037/live/1.stream/chunklist_w1529743016.m3u8"
        },
        {
          "name": "晋中公共频道",
          "url": "http://jzlive.jztvnews.com:8092/live/jzgg.m3u8"
        },
        {
          "name": "晋中新闻频道",
          "url": "http://jzlive.jztvnews.com:8092/live/jzzh.m3u8"
        },
        {
          "name": "文水时尚秀",
          "url": "http://sxws.chinashadt.com:1938/live/tv11.stream_360p/chunklist_w1788696967.m3u8"
        },
        {
          "name": "西山电视台",
          "url": "http://218.26.97.12:5021/live_hls/1/c01.m3u8"
        },
        {
          "name": "陕西农林卫视",
          "url": "http://stream.snrtv.com/sxtvs-nl.m3u8"
        },
        {
          "name": "陕西新闻资讯",
          "url": "http://stream.snrtv.com/sxtvs-1.m3u8"
        },
        {
          "name": "陕西都市青春",
          "url": "http://stream.snrtv.com/sxtvs-2.m3u8"
        },
        {
          "name": "陕西生活频道",
          "url": "http://stream.snrtv.com/sxtvs-3.m3u8"
        },
        {
          "name": "陕西公共频道",
          "url": "http://stream.snrtv.com/sxtvs-5.m3u8"
        },
        {
          "name": "陕西秦腔频道",
          "url": "http://stream.snrtv.com/qinqiang.m3u8"
        },
        {
          "name": "西安新闻综合",
          "url": "http://stream2.xiancity.cn/xatv1/sd/live.m3u8"
        },
        {
          "name": "西安白鸽都市",
          "url": "http://stream2.xiancity.cn/xatv2/sd/live.m3u8"
        },
        {
          "name": "西安三套",
          "url": "http://stream2.xiancity.cn/xatv3/sd/live.m3u8"
        },
        {
          "name": "榆林电视二套",
          "url": "http://live.ylwltv.com:8089/hls-live/livepkgr/_definst_/liveevent/ylwltv2_2000k.m3u8"
        },
        {
          "name": "咸阳新闻频道",
          "url": "http://ks-hls.juyun.tv/live/xianyang1/index.m3u8"
        },
        {
          "name": "咸阳电视三套",
          "url": "http://ks-hls.juyun.tv/live/xianyang3/index.m3u8"
        },
        {
          "name": "浦东电视台",
          "url": "http://pdlive.lyuncloud.com/pdlive/pdtv/index.m3u8"
        },
        {
          "name": "金山电视台",
          "url": "http://live.mudu.tv/watch/4zbn2f.m3u8"
        },
        {
          "name": "奉贤综合频道",
          "url": "http://bililive.kksmg.com/qxlive/fx/playlist.m3u8"
        },
        {
          "name": "四川文化旅游",
          "url": "http://scgctvshow.sctv.com/hdlive/sctv2/3.m3u8"
        },
        {
          "name": "四川经视频道",
          "url": "http://scgctvshow.sctv.com/hdlive/sctv3/3.m3u8"
        },
        {
          "name": "四川新闻资讯",
          "url": "http://scgctvshow.sctv.com/sdlive/sctv4/3.m3u8"
        },
        {
          "name": "四川星空购物",
          "url": "http://scgctvshow.sctv.com/sdlive/sctv6/3.m3u8"
        },
        {
          "name": "四川妇女儿童",
          "url": "http://scgctvshow.sctv.com/hdlive/sctv7/3.m3u8"
        },
        {
          "name": "四川公共频道",
          "url": "http://scgctvshow.sctv.com/sdlive/sctv9/3.m3u8"
        },
        {
          "name": "遂宁新闻频道",
          "url": "http://snlive.scsntv.com:8091/live/xwzh.m3u8"
        },
        {
          "name": "遂宁公共频道",
          "url": "http://snlive.scsntv.com:8091/live/gggy.m3u8"
        },
        {
          "name": "广元综合频道",
          "url": "http://live6a.pstatp.com/live/gytv1/index.m3u8"
        },
        {
          "name": "广元公共频道",
          "url": "http://live6a.pstatp.com/live/gytv2/index.m3u8"
        },
        {
          "name": "泸州新闻频道",
          "url": "http://61.157.168.66:6066/lztv1/lztv1.m3u8"
        },
        {
          "name": "泸州公共频道",
          "url": "http://61.157.168.66:6066/lztv2/lztv2.m3u8"
        },
        {
          "name": "凉山彝语频道",
          "url": "http://vod.lsiptv.cn:1935/live/smil:LSTV3_copy.smil/chunklist_w1013534148_b800000.m3u8"
        },
        {
          "name": "德阳新闻频道",
          "url": "http://scdytv.com:1935/live/xwpd_livevideo/chunklist_w402734217.m3u8"
        },
        {
          "name": "德阳公共频道",
          "url": "http://scdytv.com:1935/live/ggpd_livevideo/chunklist_w1585443321.m3u8"
        },
        {
          "name": "巴中公共频道",
          "url": "http://30814.hlsplay.aodianyun.com/lms_30814/tv_channel_247.m3u8"
        },
        {
          "name": "阿坝综合频道",
          "url": "http://ablive.abatv.com.cn:85/live/zhpd.m3u8"
        },
        {
          "name": "阆中新闻频道",
          "url": "http://115.238.238.218/guangdianyun_36133/tv_channel_363__redirect__36133.m3u8"
        },
        {
          "name": "滨海新闻频道",
          "url": "http://60.30.52.41/live/bhtv1/playlist.m3u8"
        },
        {
          "name": "滨海都市频道",
          "url": "http://60.30.52.41/live/bhtv2/playlist.m3u8"
        },
        {
          "name": "西青综合频道",
          "url": "http://221.238.209.44:81/hls/live1.m3u8"
        },
        {
          "name": "兵团卫视",
          "url": "http://v.btzx.com.cn:1935/live/weishi.stream/chunklist_w388155268.m3u8"
        },
        {
          "name": "克拉玛依汉语综合台",
          "url": "http://klmyzb.rcsxzx.com/hls/klmy1.m3u8"
        },
        {
          "name": "克拉玛依新闻频道",
          "url": "http://klmyzb.rcsxzx.com/hls/klmy5.m3u8"
        },
        {
          "name": "美丽云南",
          "url": "http://www.ynbit.cn:1935/cyds-mlyn/livestream/chunklist_w1369860056.m3u8"
        },
        {
          "name": "精品荟萃",
          "url": "http://www.ynbit.cn:1935/cyds-jphc/livestream/playlist.m3u8"
        },
        {
          "name": "丽江公共频道",
          "url": "https://play.lijiangtv.com/live_gg/live_ff.m3u8"
        },
        {
          "name": "玉溪公共频道",
          "url": "https://hwapi.yunshicloud.com/r5fc3f/4kzlat.m3u8"
        },
        {
          "name": "楚雄综合频道",
          "url": "https://hwapi.yunshicloud.com/gbqei5/cy550p.m3u8"
        },
        {
          "name": "楚雄公共频道",
          "url": "https://hwapi.yunshicloud.com/gbqei5/12661u.m3u8"
        },
        {
          "name": "红河新闻综合",
          "url": "http://live.hhtv.cc:9099/ch1/ch1.m3u8"
        },
        {
          "name": "红河经济生活",
          "url": "http://live.hhtv.cc:9099/ch2/ch2.m3u8"
        },
        {
          "name": "普洱新闻频道",
          "url": "https://hwapi.yunshicloud.com/701aec/orx377.m3u8"
        },
        {
          "name": "广南电视台",
          "url": "http://store.ovp.wsrtv.com.cn:9092/gntv/hls/playlist.m3u8"
        },
        {
          "name": "昌宁电视台",
          "url": "http://112.113.134.36:680/live/pc/index.m3u8"
        },
        {
          "name": "浙江经视",
          "url": "http://l.cztvcloud.com/channels/lantian/channel03/360p.m3u8"
        },
        {
          "name": "浙江民生休闲",
          "url": "http://l.cztvcloud.com/channels/lantian/channel06/360p.m3u8"
        },
        {
          "name": "浙江公共新闻",
          "url": "http://l.cztvcloud.com/channels/lantian/channel07/360p.m3u8"
        },
        {
          "name": "留学世界",
          "url": "http://l.cztvcloud.com/channels/lantian/channel09/360p.m3u8"
        },
        {
          "name": "浙江国际频道",
          "url": "http://l.cztvcloud.com/channels/lantian/channel10/360p.m3u8"
        },
        {
          "name": "数码时代",
          "url": "http://l.cztvcloud.com/channels/lantian/channel12/360p.m3u8"
        },
        {
          "name": "好易购",
          "url": "http://l.cztvcloud.com/channels/lantian/channel11/360p.m3u8"
        },
        {
          "name": "宁波新闻综合",
          "url": "http://live1.cloud.nbtv.cn/44dcc3310dcf4278827317c77e87bac5/h264_500k_ts/index.m3u8"
        },
        {
          "name": "宁波社会生活",
          "url": "http://live1.cloud.nbtv.cn/98ef9dc4eb1a4259b7764ffc4a3ab241/h264_500k_ts/index.m3u8"
        },
        {
          "name": "金华新闻综合",
          "url": "http://stream2.jinhua.com.cn/xwzh/app/live.m3u8"
        },
        {
          "name": "金华公共频道",
          "url": "http://stream2.jinhua.com.cn/jjsh/app/live.m3u8"
        },
        {
          "name": "金华都市农村",
          "url": "http://stream.jinhua.com.cn/dsnc/app/live.m3u8"
        },
        {
          "name": "舟山综合频道",
          "url": "http://live.wifizs.cn/xwzh/sd/live.m3u8"
        },
        {
          "name": "舟山公共生活",
          "url": "http://live.wifizs.cn/ggsh/sd/live.m3u8"
        },
        {
          "name": "舟山群岛旅游",
          "url": "http://live.wifizs.cn/qdly/sd/live.m3u8"
        },
        {
          "name": "湖州新闻综合",
          "url": "http://live2.hzitv.cn/tslslive/zyys888/hls/live_sd.m3u8"
        },
        {
          "name": "湖州公共民生",
          "url": "http://live2.hzitv.cn/tslslive/z6NexHK/hls/live_sd.m3u8"
        },
        {
          "name": "余姚新闻综合",
          "url": "http://l.cztvcloud.com/channels/lantian/SXyuyao1/720p.m3u8"
        },
        {
          "name": "余姚姚江文化",
          "url": "http://36713.hlsplay.aodianyun.com/tv_radio_36713/tv_channel_707.m3u8"
        },
        {
          "name": "香港衛視",
          "url": "http://zhibo.hkstv.tv/livestream/zb2yhapo/playlist.m3u8"
        },
        {
          "name": "凤凰香港台",
          "url": "http://live.italkdd.com/cds160/hls/channel016/channel016_2000.m3u8"
        },
        {
          "name": "翡翠台",
          "url": "http://116.199.5.51:8114/index.m3u8?Fsv_chan_hls_se_idx=188&FvSeid=1&Fsv_ctype=LIVES&Fsv_otype=1&Provider_id=&Pcontent_id=.m3u8"
        },
        {
          "name": "TVB明珠台",
          "url": "http://116.199.5.51:8114/index.m3u8?Fsv_chan_hls_se_idx=12&FvSeid=1&Fsv_ctype=LIVES&Fsv_otype=1&Provider_id=&Pcontent_id=.m3u8"
        },
        {
          "name": "澳亚卫视",
          "url": "http://stream.mastvnet.com/MASTV/sd/live.m3u8"
        },
        {
          "name": "环球电视台",
          "url": "http://live-cdn.xzxwhcb.com/hls/r86am856.m3u8"
        }
      ]
    },
    {
      "name": "国际二🎈",
      "lives": [
        {
          "name": "新加坡5",
          "url": "https://dlau142f16b92.cloudfront.net/hls/ch5ctv/master02.m3u8"
        },
        {
          "name": "新加坡8",
          "url": "https://d34e90s3s13i7n.cloudfront.net/hls/ch8ctv/master02.m3u8"
        },
        {
          "name": "亚洲新闻台(英语)",
          "url": "http://drsh196ivjwe8.cloudfront.net/hls/cnai/03.m3u8"
        },
        {
          "name": "朝阳频道(马来语)",
          "url": "https://d11h6a6nhl9kj9.cloudfront.net/hls/suriactv/master02.m3u8"
        },
        {
          "name": "美国中文台",
          "url": "http://media3.sinovision.net:1935/live/livestream/chunklist_w2051303838.m3u8"
        },
        {
          "name": "英国BBC电视台",
          "url": "http://bbcwshdlive01-lh.akamaihd.net/i/atv_1@61433/index_800_av-b.m3u8?sd=10&rebase=on"
        },
        {
          "name": "英国TG24电视台",
          "url": "http://skyianywhere2-i.akamaihd.net/hls/live/200275/tg24/stream2/streamPlaylist.m3u8"
        },
        {
          "name": "法国时尚频道",
          "url": "http://lb.streaming.sk/fashiontv/stream/playlist.m3u8"
        },
        {
          "name": "日本新闻",
          "url": "https://n24-cdn-live-b.ntv.co.jp/ch01/High.m3u8"
        },
        {
          "name": "韩国阿里郎",
          "url": "http://amdlive.ctnd.com.edgesuite.net/arirang_1ch/smil:arirang_1ch.smil/playlist.m3u8"
        },
        {
          "name": "印度电视台",
          "url": "http://ibn_lokmat_hls-lh.akamaihd.net/i/ibn_lokmat_hls_n_1@178974/index_3_av-p.m3u8"
        },
        {
          "name": "越南ANTV",
          "url": "http://antvlive.ab5c6921.cdnviet.com/antv/chunklist.m3u8"
        },
        {
          "name": "地中海电视台",
          "url": "http://streaming.enetres.net/489DDF7FE98241D19D8970314BC9D3EF021/smil:live.smil/chunklist_w880601921_b1200000.m3u8"
        },
        {
          "name": "土耳其电视台",
          "url": "http://trtcanlitv-lh.akamaihd.net/i/TRTWORLD_1@321783/index_360pp_av-p.m3u8?sd=10&rebase=on"
        },
        {
          "name": "巴基斯坦电视台",
          "url": "http://app.pakistanvision.tv:1935/live/PTVnews/chunklist_w1051919296.m3u8"
        },
        {
          "name": "墨西哥米里尼奥电视台",
          "url": "http://bcoveliveios-i.akamaihd.net/hls/live/201661/57828478001/milenio_center_512k@51752.m3u8"
        },
        {
          "name": "Superyacht TV",
          "url": "http://cdn.mobibase.com/hls/733/258_5000k/playlist.m3u8"
        },
        {
          "name": "kurdistan TV",
          "url": "https://5a3ed7a72ed4b.streamlock.net/live/SMIL:myStream.smil/playlist.m3u8"
        },
        {
          "name": "TVOne TV",
          "url": "https://kmklive-lh.akamaihd.net/i/tvone_ta_regular@577566/master.m3u8?hdnts=st=1556683694~exp=1556683814~acl=/i/*~hmac=7dea175440dbd1cdd5948a4e01287725673edccbe7f7e5079fffecad022e1340"
        }
      ]
    }
  ]
}